id,slug,name,address,state,area,latitude,longitude,phone,website_url,google_maps_url,accepted_items,tags,opening_hours,status,verification_status,upvote_count,downvote_count,photo_count,comment_count,notes,created_at,updated_at,last_verified_at,thumbnail_url
1,dump-site,Dump Site,"Jalan Bukit Tagar, Selangor",Selangor,,3.5018163,101.4750417,,,"https://maps.google.com/?q=3.5018163,101.4750417",,Class:Drop-Off,,,reverse_geocoded_address,,,,,classification=drop-off,,2026-06-26T00:39:20Z,2026-06-26T00:39:20Z,
2,recycling-point-node-1541813511,Recycling Point node-1541813511,"Jalan 5/58, Petaling Garden, Section 5, Petaling Jaya, Selangor, 46000",Selangor,Petaling Jaya,3.08721,101.6625519,,,"https://maps.google.com/?q=3.08721,101.6625519",,Class:Drop-Off,,,reverse_geocoded_address|reverse_geocoded_area,,,,,classification=drop-off,,2026-06-26T00:39:20Z,2026-06-26T00:39:20Z,
3,recycling-point-node-1546903143,Recycling Point node-1546903143,"Jalan Jalil Jaya, Bukit Jalil, Kuala Lumpur, 57000",Kuala Lumpur,Bukit Jalil,3.0601184,101.6735624,,,"https://maps.google.com/?q=3.0601184,101.6735624",,Class:Drop-Off,,,reverse_geocoded_address|reverse_geocoded_area,,,,,classification=drop-off,,2026-06-26T00:39:20Z,2026-06-26T00:39:20Z,
4,recycling-point-node-2024347990,Recycling Point node-2024347990,"Damansara–Puchong Expressway, Kelana Jaya, SS 7, Petaling Jaya, Selangor, 43701",Selangor,Kelana Jaya,3.098473,101.5977143,,,"https://maps.google.com/?q=3.098473,101.5977143",,Class:Drop-Off,,,reverse_geocoded_address|reverse_geocoded_area,,,,,classification=drop-off,,2026-06-26T00:39:20Z,2026-06-26T00:39:20Z,
5,panasonic,Panasonic,"Jalan Sesiku 15/2, Section 15, Shah Alam, Selangor, 40200",Selangor,Shah Alam,3.0634244,101.5150559,,,"https://maps.google.com/?q=3.0634244,101.5150559",,Class:E-Waste|Electronics,,,reverse_geocoded_address|reverse_geocoded_area,,,,,classification=e-waste,,2026-06-26T00:39:20Z,2026-06-26T00:39:20Z,
6,recycling-point-node-2510091183,Recycling Point node-2510091183,"Mukut Passenger Jetty, Tioman Island, Mukut Village",Pahang,,2.7200175,104.1795968,,,"https://maps.google.com/?q=2.7200175,104.1795968",,Class:Drop-Off,,,reverse_geocoded_address,,,,,classification=drop-off,,2026-06-26T00:39:20Z,2026-06-26T00:39:20Z,
7,recycling-point-node-2510091197,Recycling Point node-2510091197,"Mukut Passenger Jetty, Tioman Island, Mukut Village",Pahang,,2.7197885,104.1785864,,,"https://maps.google.com/?q=2.7197885,104.1785864",,Class:Drop-Off,,,reverse_geocoded_address,,,,,classification=drop-off,,2026-06-26T00:39:20Z,2026-06-26T00:39:20Z,
8,recycling-container-node-3528418620,Recycling Container node-3528418620,"Jalan Bukit Jaya 1, Bukit Antarabangsa, Ampang Jaya Municipal Council, Selangor, 54200",Selangor,Bukit Antarabangsa,3.1815091,101.7695684,,,"https://maps.google.com/?q=3.1815091,101.7695684",,Container|Class:Bin/Container,,,reverse_geocoded_address|reverse_geocoded_area,,,,,classification=bin/container,,2026-06-26T00:39:20Z,2026-06-26T00:39:20Z,
9,bdc-recycle-centre,BDC Recycle Centre,"BDC Lorong C, Kuching, Sarawak, 93000",Sarawak,Kuching,1.5065603,110.3603307,,,"https://maps.google.com/?q=1.5065603,110.3603307",,Centre|Class:Centre,,,reverse_geocoded_address|reverse_geocoded_area,,,,,classification=centre,,2026-06-26T00:39:20Z,2026-06-26T00:39:20Z,
10,recycling-container-node-3883735291,Recycling Container node-3883735291,"Jalan Alor Setar - Padang Besar, Taman Mergong Jaya, Kampung Batin, Alor Setar, Kedah, 06250",Kedah,Alor Setar,6.1437003,100.330347,,,"https://maps.google.com/?q=6.1437003,100.330347",Cans|Paper|Plastic|Plastic Bottles|Plastic Packaging,Container|Class:Bin/Container,,,reverse_geocoded_address|reverse_geocoded_area,,,,,classification=bin/container,,2026-06-26T00:39:20Z,2026-06-26T00:39:20Z,
11,recycling-container-node-3994062095,Recycling Container node-3994062095,"Jalan Delima 1, Taman Delima, Guar Chempedak, Kedah, 08800",Kedah,Guar Chempedak,5.8536129,100.4453668,,,"https://maps.google.com/?q=5.8536129,100.4453668",Cans|Paper|Plastic|Plastic Bottles|Plastic Packaging|Glass|Glass Bottles,Container|Class:Bin/Container,,,reverse_geocoded_address|reverse_geocoded_area,,,,,classification=bin/container,,2026-06-26T00:39:20Z,2026-06-26T00:39:20Z,
12,recycling-container-node-4007941512,Recycling Container node-4007941512,"Jalan Mas Merah 7, Anak Bukit, Taman Desa Mutiara, Kampung Alor Madi, Kedah, 06020",Kedah,Anak Bukit,6.1920971,100.3948531,,,"https://maps.google.com/?q=6.1920971,100.3948531",Cans|Paper|Plastic|Plastic Bottles|Glass|Glass Bottles|Cardboard,Container|Class:Bin/Container,,,reverse_geocoded_address|reverse_geocoded_area,,,,,classification=bin/container,,2026-06-26T00:39:20Z,2026-06-26T00:39:20Z,
13,recycling-container-node-4205388072,Recycling Container node-4205388072,"Jalan Butterworth-Alor Setar, Taman Guar Indah, Kampung Sungai Belida, Guar Chempedak, Kedah, 08800",Kedah,Guar Chempedak,5.8599246,100.4554738,,,"https://maps.google.com/?q=5.8599246,100.4554738",Cans|Paper|Plastic|Plastic Bottles|Glass|Glass Bottles|Cardboard,Container|Class:Bin/Container,,,reverse_geocoded_address|reverse_geocoded_area,,,,,classification=bin/container,,2026-06-26T00:39:20Z,2026-06-26T00:39:20Z,
14,recycling-container-node-4277774669,Recycling Container node-4277774669,"Federal Route 1, Taman Desa Murni, Kampung Tanjung Pauh, Jitra, Kedah, 06000",Kedah,Jitra,6.2496499,100.4195305,,,"https://maps.google.com/?q=6.2496499,100.4195305",Cans|Paper|Plastic|Plastic Bottles|Glass|Glass Bottles|Cardboard|Scrap Metal,Container|Class:Private Scrapyard,,,reverse_geocoded_address|reverse_geocoded_area,,,,,classification=private scrapyard,,2026-06-26T00:39:20Z,2026-06-26T00:39:20Z,
15,recycling-container-node-4366543482,Recycling Container node-4366543482,"Lengkok Selendang, Taman Mergong Jaya, Kampung Batin, Alor Setar, Kedah, 05150",Kedah,Alor Setar,6.131275,100.3394896,,,"https://maps.google.com/?q=6.131275,100.3394896",Cans|Paper|Plastic|Plastic Bottles|Glass|Glass Bottles|Cardboard,Container|Class:Bin/Container,,,reverse_geocoded_address|reverse_geocoded_area,,,,,classification=bin/container,,2026-06-26T00:39:20Z,2026-06-26T00:39:20Z,
16,pusat-kitar-semula-komuniti-bukit-jelutong,Pusat Kitar Semula Komuniti Bukit Jelutong,"Jalan Pelapik B U8/B, Jelutong Hill, Section U8, Shah Alam, Selangor, 40150",Selangor,Jelutong Hill,3.1144898,101.5251059,,,"https://maps.google.com/?q=3.1144898,101.5251059",,Centre|Class:Centre,,,reverse_geocoded_address|reverse_geocoded_area,,,,,classification=centre,,2026-06-26T00:39:20Z,2026-06-26T00:39:20Z,
17,recycling-container-node-4442464766,Recycling Container node-4442464766,"Jalan Selayang Baru, Kampung Lembah Indah, Batu Caves, Selayang Municipal Council, Selangor, 68100",Selangor,Batu Caves,3.244005,101.662321,,,"https://maps.google.com/?q=3.244005,101.662321",Cans|Paper|Plastic Bottles|Plastic Packaging|Glass|Glass Bottles|Cardboard,Container|Class:Bin/Container,,,reverse_geocoded_address|reverse_geocoded_area,,,,,classification=bin/container,,2026-06-26T00:39:20Z,2026-06-26T00:39:20Z,
18,recycling-point-node-4450182217,Recycling Point node-4450182217,"Jalan Desa Serdang 4, Taman Desa Serdang, Kajang Municipal Council, Selangor, 43400",Selangor,Kajang Municipal Council,3.0109092,101.7226273,,,"https://maps.google.com/?q=3.0109092,101.7226273",,Class:Drop-Off,,,reverse_geocoded_address|reverse_geocoded_area,,,,,classification=drop-off,,2026-06-26T00:39:20Z,2026-06-26T00:39:20Z,
19,norris-john,Norris John,"Jalan Industri 2, Batak Rabit, Teluk Intan, Perak, 36000",Perak,Batak Rabit,3.9951893,101.0105583,,,"https://maps.google.com/?q=3.9951893,101.0105583",,Class:Drop-Off,,,reverse_geocoded_address|reverse_geocoded_area,,,,,classification=drop-off,,2026-06-26T00:39:20Z,2026-06-26T00:39:20Z,
20,recycling-container-node-4474560180,Recycling Container node-4474560180,"K2, Kampung Alor Biak, Kedah, 06150",Kedah,Kampung Alor Biak,6.235761,100.3102787,,,"https://maps.google.com/?q=6.235761,100.3102787",Cans|Paper|Plastic Bottles|Glass|Glass Bottles|Cardboard,Container|Class:Bin/Container,,,reverse_geocoded_address|reverse_geocoded_area,,,,,classification=bin/container,,2026-06-26T00:39:20Z,2026-06-26T00:39:20Z,
21,recycling-box,Recycling Box,"Jalan Kota Laksamana 1/7, Taman Kota Laksamana, Malacca City, Malacca, 75200",Melaka,Malacca City,2.1924964,102.242485,,,"https://maps.google.com/?q=2.1924964,102.242485",,Class:Drop-Off|Borne De Recyclage,,,reverse_geocoded_address|reverse_geocoded_area,,,,,classification=drop-off,,2026-06-26T00:39:20Z,2026-06-26T00:39:20Z,
22,recycling-container-node-4625323086,Recycling Container node-4625323086,"Jalan Desa, Pantai Dalam, Kuala Lumpur, 58100",Kuala Lumpur,Pantai Dalam,3.0967548,101.6776981,,,"https://maps.google.com/?q=3.0967548,101.6776981",Used Clothes,Container|Class:Bin/Container,,,reverse_geocoded_address|reverse_geocoded_area,,,,,classification=bin/container,,2026-06-26T00:39:20Z,2026-06-26T00:39:20Z,
23,raviram-metal-trading,Raviram Metal Trading,Petaling Jaya,Selangor,Petaling Jaya,3.0754724,101.6435588,,,"https://maps.google.com/?q=3.0754724,101.6435588",,Centre|Class:Centre,,,osm_source,,,,,classification=centre,,2026-06-26T00:39:20Z,,
24,recycling-container-node-4764097625,Recycling Container node-4764097625,"Jalan Langgar, Kampung Seri Kedah, Alor Setar, Kedah, 05450",Kedah,Alor Setar,6.1204837,100.380432,,,"https://maps.google.com/?q=6.1204837,100.380432",Cans|Paper|Plastic Bottles|Glass|Glass Bottles,Container|Class:Bin/Container,,,reverse_geocoded_address|reverse_geocoded_area,,,,,classification=bin/container,,2026-06-26T00:39:20Z,2026-06-26T00:39:20Z,
25,recycling-container-node-4764592722,Recycling Container node-4764592722,"Jalan Kuala Kedah, Taman Ria, Taman Indah, Kampung Telok Chengai, Kedah, 06600",Kedah,Taman Ria,6.0952231,100.3350824,,,"https://maps.google.com/?q=6.0952231,100.3350824",Cans|Paper|Plastic Bottles|Glass|Glass Bottles,Container|Class:Bin/Container,,,reverse_geocoded_address|reverse_geocoded_area,,,,,classification=bin/container,,2026-06-26T00:39:20Z,2026-06-26T00:39:20Z,
26,recycling-container-node-4796907972,Recycling Container node-4796907972,"1, Taman Sri Hosba, Napoh, Bukit Kachi, Kedah",Kedah,Bukit Kachi,6.3577279,100.4230946,,,"https://maps.google.com/?q=6.3577279,100.4230946",Cans|Paper|Plastic Bottles|Glass|Glass Bottles|Cardboard,Container|Class:Bin/Container,,,reverse_geocoded_address|reverse_geocoded_area,,,,,classification=bin/container,,2026-06-26T00:39:20Z,2026-06-26T00:39:20Z,
27,tzu-chi-melaka-recycling-station,Tzu Chi Melaka Recycling Station,"Jalan Tunku Abdul Rahman, Taman Sutera Seksyen 2, Batu Berendam, Hang Tuah Jaya Municipal Council, Malacca, 75350",Melaka,Hang Tuah Jaya Municipal Council,2.2547249,102.2533563,,,"https://maps.google.com/?q=2.2547249,102.2533563",,Centre|Class:Centre|慈濟喜捨環保教育站,,,reverse_geocoded_address|reverse_geocoded_area,,,,,classification=centre,,2026-06-26T00:39:20Z,2026-06-26T00:39:20Z,
28,recycling-container-node-4977019155,Recycling Container node-4977019155,"136, Permatang Tok Dik, Padang Serai, Kedah, 09400",Kedah,Padang Serai,5.4874339,100.5451155,,,"https://maps.google.com/?q=5.4874339,100.5451155",Cans|Paper|Plastic|Plastic Bottles,Container|Class:Bin/Container,,,reverse_geocoded_address|reverse_geocoded_area,,,,,classification=bin/container,,2026-06-26T00:39:20Z,2026-06-26T00:39:20Z,
29,north-star-metal,North Star Metal,"Jalan Perusahaan, Kampung Siam, Lunas, Kedah, 09600",Kedah,Lunas,5.4298771,100.5558148,,,"https://maps.google.com/?q=5.4298771,100.5558148",Scrap Metal,Centre|Class:Private Scrapyard,,,reverse_geocoded_address|reverse_geocoded_area,,,,,not a general purpose recycling center | classification=private scrapyard,,2026-06-26T00:39:20Z,2026-06-26T00:39:20Z,
30,recycling-container-node-5385355118,Recycling Container node-5385355118,"Jalan Golf & Country Club, Bandar Darul Aman, Kampung Kelubi Dalam, Kedah, 06007",Kedah,Bandar Darul Aman,6.2536119,100.4376615,,,"https://maps.google.com/?q=6.2536119,100.4376615",Cans|Paper|Glass,Container|Class:Bin/Container,,,reverse_geocoded_address|reverse_geocoded_area,,,,,classification=bin/container,,2026-06-26T00:39:20Z,2026-06-26T00:39:20Z,
31,recycling-container-node-5385355119,Recycling Container node-5385355119,"Jalan Golf & Country Club, Bandar Darul Aman, Kampung Kelubi Dalam, Kedah, 06007",Kedah,Bandar Darul Aman,6.2539691,100.4381061,,,"https://maps.google.com/?q=6.2539691,100.4381061",Cans|Paper|Glass,Container|Class:Bin/Container,,,reverse_geocoded_address|reverse_geocoded_area,,,,,classification=bin/container,,2026-06-26T00:39:20Z,2026-06-26T00:39:20Z,
32,recycling-container-node-5395410197,Recycling Container node-5395410197,"Lengkuk Tunku Sarina, Taman Tunku Sarina, Bandar Darul Aman, Kampung Kelubi Dalam, Kedah, 06007",Kedah,Bandar Darul Aman,6.2593963,100.4503396,,,"https://maps.google.com/?q=6.2593963,100.4503396",Cans|Paper|Plastic Bottles|Glass|Glass Bottles,Container|Class:Bin/Container,,,reverse_geocoded_address|reverse_geocoded_area,,,,,classification=bin/container,,2026-06-26T00:39:20Z,2026-06-26T00:39:20Z,
33,recycling-container-node-5395410198,Recycling Container node-5395410198,"Jalan Sara 2, Taman Tunku Sarina, Bandar Darul Aman, Kampung Kelubi Dalam, Kedah, 06007",Kedah,Bandar Darul Aman,6.2592523,100.453459,,,"https://maps.google.com/?q=6.2592523,100.453459",Cans|Paper|Plastic Bottles|Glass|Glass Bottles,Container|Class:Bin/Container,,,reverse_geocoded_address|reverse_geocoded_area,,,,,classification=bin/container,,2026-06-26T00:39:20Z,2026-06-26T00:39:20Z,
34,recycling-container-node-5731593581,Recycling Container node-5731593581,"Jalan Juita 3, Taman Amal III, Kampung Masjid Lama, Kedah, 05350",Kedah,Kampung Masjid Lama,6.1488379,100.3995547,,,"https://maps.google.com/?q=6.1488379,100.3995547",Cans|Paper|Plastic|Glass,Container|Class:Bin/Container,,,reverse_geocoded_address|reverse_geocoded_area,,,,,classification=bin/container,,2026-06-26T00:39:20Z,2026-06-26T00:39:20Z,
35,recycling-point-node-5740278968,Recycling Point node-5740278968,"North–South Expressway, Kampung Batu 10 Labu, Labu, Negeri Sembilan, 71900",Negeri Sembilan,Labu,2.7651853,101.8296233,,,"https://maps.google.com/?q=2.7651853,101.8296233",,Class:Drop-Off,,,reverse_geocoded_address|reverse_geocoded_area,,,,,classification=drop-off,,2026-06-26T00:39:20Z,2026-06-26T00:39:20Z,
36,recycling-container-node-5853821797,Recycling Container node-5853821797,"Jalan Wawasan 2, Taman Wawasan, Kota Sarang Semut, Kedah, 06800",Kedah,Kota Sarang Semut,5.9718642,100.4002114,,,"https://maps.google.com/?q=5.9718642,100.4002114",Cans|Paper|Plastic|Glass,Container|Class:Bin/Container,,,reverse_geocoded_address|reverse_geocoded_area,,,,,classification=bin/container,,2026-06-26T00:39:20Z,2026-06-26T00:39:20Z,
37,recycling-container-node-5885176199,Recycling Container node-5885176199,"Jalan Kempas Indah 14, Taman Kempas Indah 1, Kulim, Kedah, 09000",Kedah,Kulim,5.3603712,100.5318063,,,"https://maps.google.com/?q=5.3603712,100.5318063",Cans|Paper|Plastic|Plastic Bottles|Glass|Glass Bottles,Container|Class:Bin/Container,,,reverse_geocoded_address|reverse_geocoded_area,,,,,classification=bin/container,,2026-06-26T00:39:20Z,2026-06-26T00:39:20Z,
38,recycling-container-node-5885176256,Recycling Container node-5885176256,"Jalan Petaling Jaya 8, Taman Petaling Jaya, Kulim, Kedah, 09000",Kedah,Kulim,5.3594191,100.5345489,,,"https://maps.google.com/?q=5.3594191,100.5345489",Cans|Paper|Plastic|Plastic Bottles|Glass|Glass Bottles,Container|Class:Bin/Container,,,reverse_geocoded_address|reverse_geocoded_area,,,,,classification=bin/container,,2026-06-26T00:39:20Z,2026-06-26T00:39:20Z,
39,recycling-container-node-5886201883,Recycling Container node-5886201883,"Jalan Bersatu 4, Taman Bersatu Ⅱ, Kulim, Kedah, 09000",Kedah,Kulim,5.3580772,100.5369052,,,"https://maps.google.com/?q=5.3580772,100.5369052",Cans|Paper|Plastic|Plastic Bottles|Glass|Glass Bottles|Scrap Metal,Container|Class:Private Scrapyard,,,reverse_geocoded_address|reverse_geocoded_area,,,,,classification=private scrapyard,,2026-06-26T00:39:20Z,2026-06-26T00:39:20Z,
40,recycling-container-node-5886203796,Recycling Container node-5886203796,"Jalan Merbau, Taman Bersatu Ⅱ, Kulim, Kedah, 09000",Kedah,Kulim,5.3597436,100.5375919,,,"https://maps.google.com/?q=5.3597436,100.5375919",Cans|Paper|Plastic|Plastic Bottles|Glass|Glass Bottles|Scrap Metal,Container|Class:Private Scrapyard,,,reverse_geocoded_address|reverse_geocoded_area,,,,,classification=private scrapyard,,2026-06-26T00:39:20Z,2026-06-26T00:39:20Z,
41,recycling-container-node-5949075280,Recycling Container node-5949075280,"Darul Aman Highway, Anak Bukit, Laman Kuda, Mentaloon, Kedah, 06550",Kedah,Anak Bukit,6.175013,100.3693677,,,"https://maps.google.com/?q=6.175013,100.3693677",Cans|Paper|Plastic|Plastic Bottles|Glass|Glass Bottles,Container|Class:Bin/Container,,,reverse_geocoded_address|reverse_geocoded_area,,,,,classification=bin/container,,2026-06-26T00:39:20Z,2026-06-26T00:39:20Z,
42,recycling-container-node-5949125753,Recycling Container node-5949125753,"Lorong Mahsuri 25C, Tanah Merah, Kampung Paya Kerchut, Kedah, 06000",Kedah,Tanah Merah,6.2349545,100.4211558,,,"https://maps.google.com/?q=6.2349545,100.4211558",Cans|Paper|Plastic|Plastic Bottles|Glass|Glass Bottles,Container|Class:Bin/Container,,,reverse_geocoded_address|reverse_geocoded_area,,,,,classification=bin/container,,2026-06-26T00:39:20Z,2026-06-26T00:39:20Z,
43,recycling-container-node-6042167484,Recycling Container node-6042167484,"Jalan Raja, Kampung Khatijah, Alor Setar, Kedah, 05000",Kedah,Alor Setar,6.1183777,100.3659057,,,"https://maps.google.com/?q=6.1183777,100.3659057",Paper|Plastic|Plastic Bottles|Glass|Glass Bottles,Container|Class:Bin/Container,,,reverse_geocoded_address|reverse_geocoded_area,,,,,classification=bin/container,,2026-06-26T00:39:20Z,2026-06-26T00:39:20Z,
44,recycling-container-node-6109528751,Recycling Container node-6109528751,"Jalan Sena 4, Taman Sena Fasa 3, Pokok Sena, Kedah, 06400",Kedah,Pokok Sena,6.1658776,100.5140629,,,"https://maps.google.com/?q=6.1658776,100.5140629",Cans|Paper|Plastic|Plastic Bottles|Glass|Glass Bottles|Cardboard,Container|Class:Bin/Container,,,reverse_geocoded_address|reverse_geocoded_area,,,,,classification=bin/container,,2026-06-26T00:39:20Z,2026-06-26T00:39:20Z,
45,recycling-container-node-6122528808,Recycling Container node-6122528808,"Jalan Lagenda, Taman 1 Lagenda, Malacca City, Malacca, 75400",Melaka,Malacca City,2.2164915,102.2442156,,,"https://maps.google.com/?q=2.2164915,102.2442156",,Container|Class:Bin/Container,,,reverse_geocoded_address|reverse_geocoded_area,,,,,classification=bin/container,,2026-06-26T00:39:20Z,2026-06-26T00:39:20Z,
46,recycling-container-node-6160929793,Recycling Container node-6160929793,"K146, Teroi, Kampong Teroi Bukit, Kedah, 08800",Kedah,Teroi,5.8485159,100.4341082,,,"https://maps.google.com/?q=5.8485159,100.4341082",Cans|Paper|Plastic|Plastic Bottles|Glass|Glass Bottles,Container|Class:Bin/Container,,,reverse_geocoded_address|reverse_geocoded_area,,,,,classification=bin/container,,2026-06-26T00:39:20Z,2026-06-26T00:39:20Z,
47,pusat-kitar-semula-komuniti-presint-9,Pusat Kitar Semula Komuniti Presint 9,"Jalan Tempua P9 B, Precinct 9, Putrajaya, 61250",Putrajaya,Putrajaya,2.9396683,101.671955,,,"https://maps.google.com/?q=2.9396683,101.671955",,Class:Centre,,,reverse_geocoded_address|reverse_geocoded_area,,,,,classification=centre,,2026-06-26T00:39:20Z,2026-06-26T00:39:20Z,
48,recycling-centre-node-6186186148,慈济北海环保教育站,"Tingkat Berani 2, Bagan Jermal, Taman Anggerik, Butterworth, Penang, 12300",Penang,Bagan Jermal,5.4290946,100.3805156,,,"https://maps.google.com/?q=5.4290946,100.3805156",,Centre|Class:Centre,,,reverse_geocoded_address|reverse_geocoded_area,,,,,classification=centre,,2026-06-26T00:39:20Z,2026-06-26T00:39:20Z,
49,recycling-container-node-6389994153,Recycling Container node-6389994153,"Federal Route 1, Kampong Hilir, Kepala Batas, Kedah, 06200",Kedah,Kepala Batas,6.2049326,100.4136926,,,"https://maps.google.com/?q=6.2049326,100.4136926",Cans|Paper|Plastic|Glass,Container|Class:Bin/Container,,,reverse_geocoded_address|reverse_geocoded_area,,,,,classification=bin/container,,2026-06-26T00:39:20Z,2026-06-26T00:39:20Z,
50,recycling-container-node-6390184980,Recycling Container node-6390184980,"Lorong Kenari Biru 3, Taman Desa Kenangan, Taman Kenyalang, Alor Setar, Kedah, 05200",Kedah,Alor Setar,6.1346717,100.3801596,,,"https://maps.google.com/?q=6.1346717,100.3801596",Cans|Paper|Plastic|Glass,Container|Class:Bin/Container,,,reverse_geocoded_address|reverse_geocoded_area,,,,,classification=bin/container,,2026-06-26T00:39:20Z,2026-06-26T00:39:20Z,
51,recycling-container-node-6390185752,Recycling Container node-6390185752,"Jalan Yakin 1, Taman Mahkota, Kampung Khatijah, Alor Setar, Kedah, 05200",Kedah,Alor Setar,6.1317085,100.375453,,,"https://maps.google.com/?q=6.1317085,100.375453",Cans|Paper|Plastic|Glass,Container|Class:Bin/Container,,,reverse_geocoded_address|reverse_geocoded_area,,,,,classification=bin/container,,2026-06-26T00:39:20Z,2026-06-26T00:39:20Z,
52,five-star-recycle-kluang-sdn-bhd,Five Star Recycle (Kluang) Sdn Bhd,"Lot 184, Tg 134, 1A, Kampung Sembrong, Jalan Kluang-Jemaluang, Kluang, 86000",Johor,Kluang,2.0624971,103.3613096,077741063,https://five-star-recycle-kluang-sdn-bhd.business.site/,"https://maps.google.com/?q=2.0624971,103.3613096",,Centre|Class:Centre,Mo-Sa 09:00-18:00,,osm_source,,,,,website_fetch_error=HTTPError | classification=centre,,2026-06-26T00:39:20Z,,
53,recycling-container-node-6694087920,Recycling Container node-6694087920,"Jalan Padang, Fraser's Hill, Selangor",Selangor,Fraser's Hill,3.7073515,101.7382848,,,"https://maps.google.com/?q=3.7073515,101.7382848",,Container|Class:Bin/Container,,,reverse_geocoded_address|reverse_geocoded_area,,,,,classification=bin/container,,2026-06-26T00:39:20Z,2026-06-26T00:39:20Z,
54,recycling-container-node-6696094854,Recycling Container node-6696094854,"Jalan Lady Guillemard, Fraser's Hill, Pahang",Pahang,Fraser's Hill,3.7114064,101.738021,,,"https://maps.google.com/?q=3.7114064,101.738021",Paper|Plastic|Glass,Container|Class:Bin/Container,,,reverse_geocoded_address|reverse_geocoded_area,,,,,classification=bin/container,,2026-06-26T00:39:20Z,2026-06-26T00:39:20Z,
55,recycling-container-node-7048241368,Recycling Container node-7048241368,"Lorong Derga, Taman Derga Jaya, Kampung Gerigis, Kampung Pengapit Batu, Kedah, 05300",Kedah,Kampung Gerigis,6.1095041,100.3982431,,,"https://maps.google.com/?q=6.1095041,100.3982431",Cans|Paper|Plastic,Container|Class:Bin/Container,24/7,,reverse_geocoded_address|reverse_geocoded_area,,,,,classification=bin/container,,2026-06-26T00:39:20Z,2026-06-26T00:39:20Z,
56,recycling-point-node-7249630695,Recycling Point node-7249630695,"Lengkuk Tunku Sarina II, Taman Tunku Sarina, Bandar Darul Aman, Jitra, Kedah, 06007",Kedah,Bandar Darul Aman,6.2604716,100.4545148,,,"https://maps.google.com/?q=6.2604716,100.4545148",,Class:Drop-Off,,,reverse_geocoded_address|reverse_geocoded_area,,,,,classification=drop-off,,2026-06-26T00:39:20Z,2026-06-26T00:39:20Z,
57,recycling-point-node-7249643692,Recycling Point node-7249643692,"Jalan Myra, Taman Tunku Sarina, Bandar Darul Aman, Jitra, Kedah, 06007",Kedah,Bandar Darul Aman,6.2595637,100.4548012,,,"https://maps.google.com/?q=6.2595637,100.4548012",,Class:Drop-Off,,,reverse_geocoded_address|reverse_geocoded_area,,,,,classification=drop-off,,2026-06-26T00:39:20Z,2026-06-26T00:39:20Z,
58,recycling-point-node-7249648248,Recycling Point node-7249648248,"Lengkuk Tunku Sarina II, Taman Tunku Sarina, Bandar Darul Aman, Jitra, Kedah, 06007",Kedah,Bandar Darul Aman,6.2628333,100.4534434,,,"https://maps.google.com/?q=6.2628333,100.4534434",,Class:Drop-Off,,,reverse_geocoded_address|reverse_geocoded_area,,,,,classification=drop-off,,2026-06-26T00:39:20Z,2026-06-26T00:39:20Z,
59,recycling-container-node-7309784484,Recycling Container node-7309784484,"K1, Taman Guru, Yan Besar, Kedah, 06900",Kedah,Yan Besar,5.8093507,100.3784886,,,"https://maps.google.com/?q=5.8093507,100.3784886",Cans|Paper|Plastic,Container|Class:Bin/Container,24/7,,reverse_geocoded_address|reverse_geocoded_area,,,,,classification=bin/container,,2026-06-26T00:39:20Z,2026-06-26T00:39:20Z,
60,recycling-container-node-7317793887,Recycling Container node-7317793887,"Jalan Mahsuri 3C, Taman Mahsuri, Kampung Paya Kerchut, Jitra, Kedah, 06000",Kedah,Jitra,6.2354277,100.4248036,,,"https://maps.google.com/?q=6.2354277,100.4248036",Cans|Paper|Plastic,Container|Class:Bin/Container,24/7,,reverse_geocoded_address|reverse_geocoded_area,,,,,classification=bin/container,,2026-06-26T00:39:20Z,2026-06-26T00:39:20Z,
61,recycling-container-node-7331936128,Recycling Container node-7331936128,"Jalan Langgar, Taman Serindit, Taman Kenyalang, Alor Setar, Kedah, 05200",Kedah,Alor Setar,6.1303488,100.3869416,,,"https://maps.google.com/?q=6.1303488,100.3869416",Cans|Paper|Plastic,Container|Class:Bin/Container,24/7,,reverse_geocoded_address|reverse_geocoded_area,,,,,classification=bin/container,,2026-06-26T00:39:20Z,2026-06-26T00:39:20Z,
62,recycling-container-node-7340903910,Recycling Container node-7340903910,"Sultanah Bahiyah Highway, Simpang Kuala, Taman Sri Fajar, Alor Setar, Kedah, 05400",Kedah,Simpang Kuala,6.0951369,100.3548141,,,"https://maps.google.com/?q=6.0951369,100.3548141",Cans|Paper|Plastic,Container|Class:Bin/Container,24/7,,reverse_geocoded_address|reverse_geocoded_area,,,,,classification=bin/container,,2026-06-26T00:39:20Z,2026-06-26T00:39:20Z,
63,recycling-container-node-7347442698,Recycling Container node-7347442698,"Jalan Dahlia, Simpang Kuala, Taman Dahlia, Alor Setar, Kedah, 05400",Kedah,Simpang Kuala,6.0941661,100.3546384,,,"https://maps.google.com/?q=6.0941661,100.3546384",Cans|Paper|Plastic,Container|Class:Bin/Container,24/7,,reverse_geocoded_address|reverse_geocoded_area,,,,,classification=bin/container,,2026-06-26T00:39:20Z,2026-06-26T00:39:20Z,
64,recycling-container-node-7455622676,Recycling Container node-7455622676,"Lorong BLM 2/2, Bandar Laguna Merbok, Carpenter River, Kedah, 08100",Kedah,Bandar Laguna Merbok,5.6864426,100.4929733,,,"https://maps.google.com/?q=5.6864426,100.4929733",Cans|Paper|Plastic|Plastic Bottles|Plastic Packaging,Container|Class:Bin/Container,,,reverse_geocoded_address|reverse_geocoded_area,,,,,classification=bin/container,,2026-06-26T00:39:20Z,2026-06-26T00:39:20Z,
65,recycling-container-node-7477324155,Recycling Container node-7477324155,"Lorong Haji Wan Yahya 1A, Taman Damai, Mentaloon, Kampung Hujung Alor Merah, Kedah, 06550",Kedah,Mentaloon,6.1632396,100.3730746,,,"https://maps.google.com/?q=6.1632396,100.3730746",Cans|Paper|Plastic,Container|Class:Bin/Container,,,reverse_geocoded_address|reverse_geocoded_area,,,,,classification=bin/container,,2026-06-26T00:39:20Z,2026-06-26T00:39:20Z,
66,recycling-container-node-7495666999,Recycling Container node-7495666999,"Jalan Pipit 3, Taman Mutiara, Taman Kenyalang, Alor Setar, Kedah, 05460",Kedah,Alor Setar,6.1393574,100.387356,,,"https://maps.google.com/?q=6.1393574,100.387356",Cans|Paper|Plastic|Plastic Bottles,Container|Class:Bin/Container,,,reverse_geocoded_address|reverse_geocoded_area,,,,,classification=bin/container,,2026-06-26T00:39:20Z,2026-06-26T00:39:20Z,
67,recycling-container-node-7561572241,Recycling Container node-7561572241,"Lorong 67, Lagenda Heights, Taman Ria, Sungai Petani, Kedah, 08000",Kedah,Lagenda Heights,5.6640204,100.5107394,,,"https://maps.google.com/?q=5.6640204,100.5107394",Cans|Paper|Plastic,Container|Class:Bin/Container|Https //Openstreetcam.Org/Details/2286662/334/Track-Info,,,reverse_geocoded_address|reverse_geocoded_area,,,,,classification=bin/container,,2026-06-26T00:39:20Z,2026-06-26T00:39:20Z,
68,recycling-container-node-7567964718,Recycling Container node-7567964718,"Susur Bidara 3, Taman Desa Bidara, Kampung Batu 1, Kuala Ketil, Kedah",Kedah,Kuala Ketil,5.5996866,100.65428,,,"https://maps.google.com/?q=5.5996866,100.65428",Cans|Paper|Plastic,Container|Class:Bin/Container,,,reverse_geocoded_address|reverse_geocoded_area,,,,,classification=bin/container,,2026-06-26T00:39:20Z,2026-06-26T00:39:20Z,
69,recycling-container-node-7575144094,Recycling Container node-7575144094,"Jalan Muhibbah, Taman Uda, Alor Setar, Kedah, 05350",Kedah,Alor Setar,6.144719,100.3838758,,,"https://maps.google.com/?q=6.144719,100.3838758",Cans|Paper|Plastic,Container|Class:Bin/Container,,,reverse_geocoded_address|reverse_geocoded_area,,,,,classification=bin/container,,2026-06-26T00:39:20Z,2026-06-26T00:39:20Z,
70,recycling-container-node-7579149367,Recycling Container node-7579149367,"Jalan Puyu 13, Taman Seri Puyu, Taman Seri Belida, Alor Setar, Kedah, 05150",Kedah,Alor Setar,6.1476685,100.3602429,,,"https://maps.google.com/?q=6.1476685,100.3602429",Cans|Paper|Plastic,Container|Class:Bin/Container,,,reverse_geocoded_address|reverse_geocoded_area,,,,,classification=bin/container,,2026-06-26T00:39:20Z,2026-06-26T00:39:20Z,
71,recycling-container-node-7616218135,Recycling Container node-7616218135,"Jalan Kantan 2, Taman Seri Bandar Fasa IV, Taman Cemara, Alor Setar, Kedah, 05050",Kedah,Alor Setar,6.1087773,100.3467701,,,"https://maps.google.com/?q=6.1087773,100.3467701",Cans|Paper|Plastic,Container|Class:Bin/Container,,,reverse_geocoded_address|reverse_geocoded_area,,,,,classification=bin/container,,2026-06-26T00:39:20Z,2026-06-26T00:39:20Z,
72,recycling-container-node-7622234622,Recycling Container node-7622234622,"Jalan Bakar Sampah, Kampung Baru, Taman Semangat Baru, Sungai Petani, Kedah, 08000",Kedah,Kampung Baru,5.6405192,100.5042788,,,"https://maps.google.com/?q=5.6405192,100.5042788",Cans|Paper|Plastic,Container|Class:Bin/Container,,,reverse_geocoded_address|reverse_geocoded_area,,,,,classification=bin/container,,2026-06-26T00:39:20Z,2026-06-26T00:39:20Z,
73,j-free-enterprise-recycle,J'Free Enterprise Recycle,"76, Taman Seroja, Kampung Simpang Pulai, Pengkalan Hulu, Perak, 33100",Perak,Taman Seroja,5.7136272,100.9946725,,,"https://maps.google.com/?q=5.7136272,100.9946725",,Centre|Class:Centre|Https //Openstreetcam.Org/Details/2366530/904/Track-Info,,,reverse_geocoded_address|reverse_geocoded_area,,,,,classification=centre,,2026-06-26T00:39:20Z,2026-06-26T00:39:20Z,
74,recycling-container-node-7648278136,Recycling Container node-7648278136,"Lorong 8, Lagenda Heights, Taman Ria Indah, Taman Ria Jaya, Sungai Petani, Kedah, 08000",Kedah,Lagenda Heights,5.6511592,100.5079501,,,"https://maps.google.com/?q=5.6511592,100.5079501",Cans|Paper|Plastic,Container|Class:Bin/Container,,,reverse_geocoded_address|reverse_geocoded_area,,,,,classification=bin/container,,2026-06-26T00:39:20Z,2026-06-26T00:39:20Z,
75,recycling-container-node-7915679775,Recycling Container node-7915679775,"Jalan Syed Mohamad 6, Taman Syed Mohamad, Alor Setar, Kedah, 05200",Kedah,Alor Setar,6.1401908,100.382461,,,"https://maps.google.com/?q=6.1401908,100.382461",Cans|Paper|Plastic,Container|Class:Bin/Container,,,reverse_geocoded_address|reverse_geocoded_area,,,,,classification=bin/container,,2026-06-26T00:39:20Z,2026-06-26T00:39:20Z,
76,recycling-container-node-7915770129,Recycling Container node-7915770129,"Jalan Dato Haji Shuib, Taman Sri Taman, Alor Setar, Kedah, 05200",Kedah,Alor Setar,6.1429402,100.3795119,,,"https://maps.google.com/?q=6.1429402,100.3795119",Cans|Paper|Plastic,Container|Class:Bin/Container,,,reverse_geocoded_address|reverse_geocoded_area,,,,,classification=bin/container,,2026-06-26T00:39:20Z,2026-06-26T00:39:20Z,
77,recycling-container-node-7927742712,Recycling Container node-7927742712,"Jalan Merah Jambu, Kampung Telok Yan, Kampung Seberang Terus, Alor Setar, Kedah, 05676",Kedah,Alor Setar,6.1193531,100.3585256,,,"https://maps.google.com/?q=6.1193531,100.3585256",Cans|Paper|Plastic|Plastic Bottles,Container|Class:Bin/Container,,,reverse_geocoded_address|reverse_geocoded_area,,,,,classification=bin/container,,2026-06-26T00:39:20Z,2026-06-26T00:39:20Z,
78,recycling-container-node-7939400903,Recycling Container node-7939400903,"Jalan Flora, Taman Flora, Kampung Kuala Sungai, Kedah, 06250",Kedah,Kampung Kuala Sungai,6.1489379,100.3187692,,,"https://maps.google.com/?q=6.1489379,100.3187692",Cans|Paper|Plastic|Plastic Bottles,Container|Class:Bin/Container,,,reverse_geocoded_address|reverse_geocoded_area,,,,,classification=bin/container,,2026-06-26T00:39:20Z,2026-06-26T00:39:20Z,
79,recycling-container-node-8115192778,Recycling Container node-8115192778,"Jalan Wira 2, Lagenda Heights, Taman Wira, Sungai Petani, Kedah, 08000",Kedah,Lagenda Heights,5.6577034,100.4949139,,,"https://maps.google.com/?q=5.6577034,100.4949139",Cans|Paper|Plastic Bottles,Container|Class:Bin/Container,,,reverse_geocoded_address|reverse_geocoded_area,,,,,classification=bin/container,,2026-06-26T00:39:20Z,2026-06-26T00:39:20Z,
80,recycling-container-node-8120560056,Recycling Container node-8120560056,"Jalan Kelisa, Bandar Mutiara, Amanjaya Zon Anggerik, Sungai Petani, Kedah, 08000",Kedah,Bandar Mutiara,5.6366474,100.5406415,,,"https://maps.google.com/?q=5.6366474,100.5406415",Cans|Paper|Plastic|Plastic Bottles|Plastic Packaging|Cardboard,Container|Class:Bin/Container,,,reverse_geocoded_address|reverse_geocoded_area,,,,,classification=bin/container,,2026-06-26T00:39:20Z,2026-06-26T00:39:20Z,
81,recycling-container-node-8148995667,Recycling Container node-8148995667,"Persiaran SP Heights, Bandar Mutiara, SP Heights, Sungai Petani, Kedah, 08000",Kedah,Bandar Mutiara,5.6292616,100.5490959,,,"https://maps.google.com/?q=5.6292616,100.5490959",Cans|Paper|Plastic|Plastic Bottles|Plastic Packaging,Container|Class:Bin/Container,,,reverse_geocoded_address|reverse_geocoded_area,,,,,classification=bin/container,,2026-06-26T00:39:20Z,2026-06-26T00:39:20Z,
82,recycling-container-node-8156963561,Recycling Container node-8156963561,"Jalan Layar 2, Taman Layar Fasa 3, Taman Layar Fasa II, Kuala Kedah, Kedah, 06600",Kedah,Taman Layar Fasa 3,6.0974506,100.300616,,,"https://maps.google.com/?q=6.0974506,100.300616",,Container|Class:Bin/Container,24/7,,reverse_geocoded_address|reverse_geocoded_area,,,,,classification=bin/container,,2026-06-26T00:39:20Z,2026-06-26T00:39:20Z,
83,recycling-container-node-8176726901,Recycling Container node-8176726901,"Jalan Jelawat, Maluri, Taman Ikan Emas, Kuala Lumpur, 51500",Kuala Lumpur,Maluri,3.1179097,101.7188258,,,"https://maps.google.com/?q=3.1179097,101.7188258",Used Clothes|Shoes,Container|Class:Bin/Container,,,reverse_geocoded_address|reverse_geocoded_area,,,,,classification=bin/container,,2026-06-26T00:39:20Z,2026-06-26T00:39:20Z,
84,bin-3,Bin 3,"Sibu Road, Jinjang, Kepong, Kuala Lumpur, 52000",Kuala Lumpur,Jinjang,3.2103889,101.6676436,+60 17 3638100,http://crcbox.org/,"https://maps.google.com/?q=3.2103889,101.6676436",Cans|Paper|Plastic|Glass Bottles|Cardboard,Container|Class:Bin/Container|Community Recycle for Charity (CRC),,,reverse_geocoded_address|reverse_geocoded_area|website_phone,,,,,classification=bin/container,,2026-06-26T00:39:20Z,2026-06-26T00:39:20Z,
85,bin-4,Bin 4,"Sibu Road, Jinjang, Kepong, Kuala Lumpur, 52000",Kuala Lumpur,Jinjang,3.2101989,101.6684469,+60 17 3638100,http://crcbox.org/,"https://maps.google.com/?q=3.2101989,101.6684469",Cans|Paper|Plastic|Glass Bottles|Cardboard,Container|Class:Bin/Container|Community Recycle for Charity (CRC),,,reverse_geocoded_address|reverse_geocoded_area|website_phone,,,,,classification=bin/container,,2026-06-26T00:39:20Z,2026-06-26T00:39:20Z,
86,bin-2,Bin 2,"Sibu Road, Jinjang, Taman Wahyu, Kepong, Kuala Lumpur, 52000",Kuala Lumpur,Jinjang,3.2093297,101.6674326,+60 17 3638100,http://crcbox.org/,"https://maps.google.com/?q=3.2093297,101.6674326",Cans|Paper|Plastic|Glass Bottles|Cardboard,Container|Class:Bin/Container|Community Recycle for Charity (CRC),,,reverse_geocoded_address|reverse_geocoded_area|website_phone,,,,,classification=bin/container,,2026-06-26T00:39:20Z,2026-06-26T00:39:20Z,
87,bin-1,Bin 1,"Sibu Road, Jinjang, Kampong Delima, Kepong, Kuala Lumpur, 52000",Kuala Lumpur,Jinjang,3.2087435,101.6685551,+60 17 3638100,http://crcbox.org/,"https://maps.google.com/?q=3.2087435,101.6685551",Cans|Paper|Plastic|Glass Bottles|Cardboard,Container|Class:Bin/Container|Community Recycle for Charity (CRC),,,reverse_geocoded_address|reverse_geocoded_area|website_phone,,,,,classification=bin/container,,2026-06-26T00:39:20Z,2026-06-26T00:39:20Z,
88,recycling-container-node-8815168832,Recycling Container node-8815168832,"Chemor Impian 8, Desa Chemor Impian, Chemor, Ipoh, Perak, 31200",Perak,Chemor,4.7038283,101.105604,,,"https://maps.google.com/?q=4.7038283,101.105604",,Container|Class:Bin/Container,,,reverse_geocoded_address|reverse_geocoded_area,,,,,classification=bin/container,,2026-06-26T00:39:20Z,2026-06-26T00:39:20Z,
89,recycling-container-node-8818465592,Recycling Container node-8818465592,"Jalan Bukit Gambir, Bukit Jambul, George Town, Penang, 11800",Penang,Bukit Jambul,5.3624239,100.294714,,,"https://maps.google.com/?q=5.3624239,100.294714",,Container|Class:Bin/Container,,,reverse_geocoded_address|reverse_geocoded_area,,,,,classification=bin/container,,2026-06-26T00:39:20Z,2026-06-26T00:39:20Z,
90,recycling-container-node-8897110063,Recycling Container node-8897110063,"Lorong Madrasah, Anak Bukit, Taman Seri Pantai, Mentaloon, Kedah, 06550",Kedah,Anak Bukit,6.1671603,100.3688655,,,"https://maps.google.com/?q=6.1671603,100.3688655",Cans|Paper|Plastic|Plastic Bottles,Container|Class:Bin/Container,,,reverse_geocoded_address|reverse_geocoded_area,,,,,classification=bin/container,,2026-06-26T00:39:20Z,2026-06-26T00:39:20Z,
91,recycling-container-node-8937147069,Recycling Container node-8937147069,"Jalan 3/27A, Wangsa Maju, Section 1, Kuala Lumpur, 53300",Kuala Lumpur,Wangsa Maju,3.2025133,101.7295531,,,"https://maps.google.com/?q=3.2025133,101.7295531",,Container|Class:Bin/Container,,,reverse_geocoded_address|reverse_geocoded_area,,,,,classification=bin/container,,2026-06-26T00:39:20Z,2026-06-26T00:39:20Z,
92,recycling-centre-node-8944080210,Recycling Centre node-8944080210,"Jalan Kencana 1A/25, Pura Kencana, Sri Gading, Johor, 83300",Johor,Sri Gading,1.8513786,103.0281509,,,"https://maps.google.com/?q=1.8513786,103.0281509",,Centre|Class:Centre,,,reverse_geocoded_address|reverse_geocoded_area,,,,,classification=centre,,2026-06-26T00:39:20Z,2026-06-26T00:39:20Z,
93,recycling-container-node-8950596375,Recycling Container node-8950596375,"Dataran Air Papan Mersing, Air Papan, Johor",Johor,Air Papan,2.5171434,103.8340695,,,"https://maps.google.com/?q=2.5171434,103.8340695",,Container|Class:Bin/Container,,,reverse_geocoded_address|reverse_geocoded_area,,,,,classification=bin/container,,2026-06-26T00:39:20Z,2026-06-26T00:39:20Z,
94,recycling-container-node-8977017653,Recycling Container node-8977017653,"Jalan Sepang - Lukut, Ladang Tanah Merah Linesite A3 A4 Division, Kampung Baru Tanah Merah Site 'A', Negeri Sembilan, 71009",Negeri Sembilan,Kampung Baru Tanah Merah Site 'A',2.6448607,101.7860767,,,"https://maps.google.com/?q=2.6448607,101.7860767",,Container|Class:Bin/Container,,,reverse_geocoded_address|reverse_geocoded_area,,,,,classification=bin/container,,2026-06-26T00:39:20Z,2026-06-26T00:39:20Z,
95,recycling-container-node-8983156395,Recycling Container node-8983156395,"Jalan Kelemak Jaya 9, Taman Kelemak Jaya, Genting Cheng Estate, Alor Gajah, Malacca, 78000",Melaka,Alor Gajah,2.3771747,102.2031012,,,"https://maps.google.com/?q=2.3771747,102.2031012",,Container|Class:Bin/Container,,,reverse_geocoded_address|reverse_geocoded_area,,,,,classification=bin/container,,2026-06-26T00:39:20Z,2026-06-26T00:39:20Z,
96,recycling-container-node-8994090083,Recycling Container node-8994090083,"Jalan Abdul Kadir Adabi, Kampung Cherang, Kubang Kerian, Kelantan, 15200",Kelantan,Kubang Kerian,6.1248727,102.263122,,,"https://maps.google.com/?q=6.1248727,102.263122",Cans|Paper|Plastic,Container|Class:Bin/Container,,,reverse_geocoded_address|reverse_geocoded_area,,,,,classification=bin/container,,2026-06-26T00:39:20Z,2026-06-26T00:39:20Z,
97,recycling-container-node-8995130713,Recycling Container node-8995130713,"Jalan 3/91A, Cheras, Pudu Ulu, Kuala Lumpur, 55300",Kuala Lumpur,Cheras,3.1202846,101.73709,,,"https://maps.google.com/?q=3.1202846,101.73709",,Container|Class:Bin/Container,,,reverse_geocoded_address|reverse_geocoded_area,,,,,classification=bin/container,,2026-06-26T00:39:20Z,2026-06-26T00:39:20Z,
98,recycling-container-node-8998402143,Recycling Container node-8998402143,"Jalan Perindustrian Alor Gajah, Alor Gajah, Malacca, 78000",Melaka,Alor Gajah,2.3643529,102.2012904,,,"https://maps.google.com/?q=2.3643529,102.2012904",,Container|Class:Bin/Container,,,reverse_geocoded_address|reverse_geocoded_area,,,,,classification=bin/container,,2026-06-26T00:39:20Z,2026-06-26T00:39:20Z,
99,recycling-container-node-9093559532,Recycling Container node-9093559532,"Jalan Simpang Kuala, Simpang Kuala, Taman Sejati, Alor Setar, Kedah, 05400",Kedah,Simpang Kuala,6.0976956,100.3650374,,,"https://maps.google.com/?q=6.0976956,100.3650374",,Container|Class:Bin/Container,,,reverse_geocoded_address|reverse_geocoded_area,,,,,classification=bin/container,,2026-06-26T00:39:20Z,2026-06-26T00:39:20Z,
100,recycling-container-node-9197014262,Recycling Container node-9197014262,"Lingkaran Wawasan, Bangsar, Kuala Lumpur, 50603",Kuala Lumpur,Bangsar,3.1290411,101.6602174,,,"https://maps.google.com/?q=3.1290411,101.6602174",,Container|Class:Bin/Container,,,reverse_geocoded_address|reverse_geocoded_area,,,,,classification=bin/container,,2026-06-26T00:39:20Z,2026-06-26T00:39:20Z,
101,universiti-malaya,Universiti Malaya,"Lingkaran Wawasan, Bangsar, Kuala Lumpur, 50603",Kuala Lumpur,Bangsar,3.1245551,101.660322,,,"https://maps.google.com/?q=3.1245551,101.660322",,Container|Class:Bin/Container|University|Universiti Malaya|Um|Q1142924,,,reverse_geocoded_address|reverse_geocoded_area,,,,,classification=bin/container,,2026-06-26T00:39:20Z,2026-06-26T00:39:20Z,
102,recycling-container-node-9265352996,Recycling Container node-9265352996,"Jalan Budiman 4, Taman Bakti, Tandop, Kampung Keriang Pulau, Kedah, 05400",Kedah,Tandop,6.0849487,100.3667016,,,"https://maps.google.com/?q=6.0849487,100.3667016",Cans|Paper|Plastic|Plastic Bottles,Container|Class:Bin/Container,,,reverse_geocoded_address|reverse_geocoded_area,,,,,classification=bin/container,,2026-06-26T00:39:20Z,2026-06-26T00:39:20Z,
103,recycling-container-node-9471390419,Recycling Container node-9471390419,"Jalan Pantai Murni, Kampung Permatang Keramat, Yan Besar, Kedah, 06900",Kedah,Yan Besar,5.7949223,100.3691317,,,"https://maps.google.com/?q=5.7949223,100.3691317",Cans|Paper|Plastic Bottles,Container|Class:Bin/Container,,,reverse_geocoded_address|reverse_geocoded_area,,,,,classification=bin/container,,2026-06-26T00:39:20Z,2026-06-26T00:39:20Z,
104,recycling-container-node-9494194464,Recycling Container node-9494194464,"Jalan Ipoh, Jinjang, Sri Utara Kipark, Kuala Lumpur, 52000",Kuala Lumpur,Jinjang,3.2199849,101.6714614,,,"https://maps.google.com/?q=3.2199849,101.6714614",,Container|Class:Bin/Container,,,reverse_geocoded_address|reverse_geocoded_area,,,,,classification=bin/container,,2026-06-26T00:39:20Z,2026-06-26T00:39:20Z,
105,recycling-container-node-9504821704,Recycling Container node-9504821704,"Sibu Road, Jinjang, Kepong, Kuala Lumpur, 52000",Kuala Lumpur,Jinjang,3.2104255,101.669249,,,"https://maps.google.com/?q=3.2104255,101.669249",,Container|Class:Bin/Container,,,reverse_geocoded_address|reverse_geocoded_area,,,,,classification=bin/container,,2026-06-26T00:39:20Z,2026-06-26T00:39:20Z,
106,kae-re-cycle,KAE RE CYCLE,"Lot 3579, TI JME 8, mini Estate, Jalan Tongkang Pechah, Batu Pahat, 83010",Johor,Batu Pahat,1.9173205,102.9530086,074151562,http://kaerecycle.com/,"https://maps.google.com/?q=1.9173205,102.9530086",,Centre|Class:Centre,,,osm_source,,,,,classification=centre,,2026-06-26T00:39:20Z,,
107,sian-kiat-sdn-bhd,诚诘有限公司 Sian Kiat Sdn Bhd,"No 17, Jalan Budi Empat,, Taman Industri Wawasan, Batu Pahat, 83000",Johor,Batu Pahat,1.7884103,102.9634788,0196903333,http://sian-kiat-sdn-bhd.business.site/,"https://maps.google.com/?q=1.7884103,102.9634788",,Centre|Class:Centre,Mo-Su 08:30-18:30,,osm_source,,,,,website_fetch_error=HTTPError | classification=centre,,2026-06-26T00:39:20Z,,
108,kent-soon-recycle-centre-sdn-bhd,Kent Soon Recycle Centre Sdn Bhd,"No 20, PTD 166724,, Jalan Riang 21, kawasan Perindustrian Taman Gembira, Johor Bahru, 81200",Johor,Johor Bahru,1.5226189,103.7394772,07-3322099,,"https://maps.google.com/?q=1.5226189,103.7394772",,Centre|Class:Centre,Mo-Su 08:300-17:30,,osm_source,,,,,classification=centre,,2026-06-26T00:39:20Z,,
109,ms-recycle-trading,MS Recycle Trading,"5b, Taman Kempas Utama, Jalan Kempas Utama 3, Johor Bahru, 81200",Johor,Johor Bahru,1.5433274,103.7055607,0167105222,,"https://maps.google.com/?q=1.5433274,103.7055607",,Centre|Class:Centre|Mo-Su 08 00-20 00,Mo-Su 08:00-18:30,,osm_source,,,,,classification=centre,,2026-06-26T00:39:20Z,,
110,earthwise-resources-sdn-bhd-kempas,Earthwise Resources Sdn Bhd (Kempas),"Lot 3014, Kawasan Perindustrian Kampung Maju Jaya, Jalan Belati, Johor Bahru, 81200",Johor,Johor Bahru,1.5486638,103.699045,016-2101679,,"https://maps.google.com/?q=1.5486638,103.699045",,Centre|Class:Centre,Mo-Sa 08:30-12:30,,osm_source,,,,,classification=centre,,2026-06-26T00:39:20Z,,
111,yellow-bin-recyle-right-recycle,Yellow Bin - Recyle Right Recycle,"3, Taman Perindustrian Maju Jaya, Jalan Belati 1, Johor Bahru, 81300",Johor,Johor Bahru,1.5478755,103.7003285,07-2133397,https://yellowbin.com.my/,"https://maps.google.com/?q=1.5478755,103.7003285",,Centre|Class:Bin/Container,Fr-Sa 08:30-16:30,,osm_source,,,,,classification=bin/container,,2026-06-26T00:39:20Z,,https://yellowbin.com.my/brand_assets/yellow-bin-og.png
112,macro-speed-station-sdn-bhd,Macro Speed Station Sdn Bhd,"Lot 2788, Jalan Kempas Lama, Johor Bahru, 81200",Johor,Johor Bahru,1.5448241,103.7011806,011-61237643,,"https://maps.google.com/?q=1.5448241,103.7011806",,Centre|Class:Centre,Mo-Su 07:30-18:30,,osm_source,,,,,classification=centre,,2026-06-26T00:39:20Z,,
113,mvs-recycling-trading,MVS Recycling Trading,"Lot 2788, Township, Jalan Kempas Lama, Johor Bahru, 81300",Johor,Johor Bahru,1.5450014,103.7020611,011-16116179,,"https://maps.google.com/?q=1.5450014,103.7020611",,Centre|Class:Centre,Mo-Sa 07:00-15:00,,osm_source,,,,,classification=centre,,2026-06-26T00:39:20Z,,
114,c-c-recycle-enterprise,C & C Recycle Enterprise,"Jalan Kempas Lama, Johor Bahru, 81300",Johor,Johor Bahru,1.5446821,103.7016727,,,"https://maps.google.com/?q=1.5446821,103.7016727",,Centre|Class:Centre,,,osm_source,,,,,classification=centre,,2026-06-26T00:39:20Z,,
115,kim-recycle-trading,KIM RECYCLE TRADING,"Jk37,, Jalan Khalidi, Muar, 84000",Johor,Muar,2.0334603,102.5588036,019-6684896,https://kim-recycle-trading.business.site/,"https://maps.google.com/?q=2.0334603,102.5588036",,Centre|Class:Centre,Mo-Fr 09:00-18:00,,osm_source,,,,,website_fetch_error=HTTPError | classification=centre,,2026-06-26T00:39:20Z,,
116,hock-paper,Hock Paper,"JLK 20, Lot 3523, Jalan Haji Kosai, Muar, 84000",Johor,Muar,2.0426825,102.5994645,06-9536448,,"https://maps.google.com/?q=2.0426825,102.5994645",,Centre|Class:Centre,Mo-Su 10:00-18:00,,osm_source,,,,,classification=centre,,2026-06-26T00:39:20Z,,
117,e-ding-ckf-enterprise-recycle,E DING CKF ENTERPRISE RECYCLE,"PTD 5653, Store Bukit Bakti, Jalan Taman Bakri Indah, Muar, 84200",Johor,Muar,2.0407137,102.6622088,012-6281109,https://e-ding-ckf-enterprise-recycle.business.site/?utm_source=gmb&utm_medium=referral,"https://maps.google.com/?q=2.0407137,102.6622088",,Class:Drop-Off,Mo-Sa 09:00-17:30,,osm_source,,,,,website_fetch_error=HTTPError | classification=drop-off,,2026-06-26T00:39:20Z,,
118,lks-metal-recycle-trading,LKS METAL & RECYCLE TRADING,"Lot 4780, Bt. 3 1/2, Jeram Tepi, Jalan Bakri, Muar, 84200",Johor,Muar,2.0582372,102.6166966,016-2071129,,"https://maps.google.com/?q=2.0582372,102.6166966",,Centre|Class:Centre,Mo-Sa 09:00-18:00,,osm_source,,,,,classification=centre,,2026-06-26T00:39:20Z,,
119,lsl-recycle-sdn-bhd,LSL RECYCLE SDN BHD,"Lot 536 Mukim Senai, Jalan Seelong, Kulai, 81400",Johor,Kulai,1.6318069,103.704151,07-5909616,,"https://maps.google.com/?q=1.6318069,103.704151",,Centre|Class:Centre,Mo-Sa 08:30-18:30,,osm_source,,,,,classification=centre,,2026-06-26T00:39:20Z,,
120,wilgreen-recovery-sdn-bhd,Wilgreen Recovery Sdn. Bhd.,"PLO 569, Kawasan Perindustrian Pasir Gudang, Jalan Keluli, Pasir Gudang, 81700",Johor,Pasir Gudang,1.4718531,103.9274215,07-2555322,http://www.wgrecovery.com/,"https://maps.google.com/?q=1.4718531,103.9274215",,Centre|Class:Centre,Mo-Fr 08:00-18:00,,osm_source,,,,,website_fetch_error=TimeoutError | classification=centre,,2026-06-26T00:39:20Z,,
121,soon-heng-eco-enterprise,SOON HENG ECO ENTERPRISE,"PLO 144, No 21-A, Kawasan Perindustrian, Jalan Genuang, Segamat, 85000",Johor,Segamat,2.4936937,102.8707197,07-9435899,,"https://maps.google.com/?q=2.4936937,102.8707197",,Centre|Class:Centre,Mo-Sa 09:00-18:00,,osm_source,,,,,classification=centre,,2026-06-26T00:39:20Z,,
122,ceria-alam-enterprise,Ceria Alam Enterprise,"130-A, Jalan Kampung Tenang, Labis, Segamat, 85300",Johor,"Labis, Segamat",2.3928423,103.0230732,07-9256800,https://ceriaalamenterprise.business.site/?utm_source=gmb&utm_medium=referral,"https://maps.google.com/?q=2.3928423,103.0230732",,Centre|Class:Centre,Mo-Sa 09:00-18:00,,osm_source,,,,,website_fetch_error=HTTPError | classification=centre,,2026-06-26T00:39:20Z,,
123,recycling-container-node-9793279033,Recycling Container node-9793279033,"Jalan Bawal, Taman Mergong Indah, Alor Setar, Kedah, 05150",Kedah,Alor Setar,6.1458697,100.3485484,,,"https://maps.google.com/?q=6.1458697,100.3485484",Cans|Paper|Plastic|Plastic Bottles,Container|Class:Bin/Container,,,reverse_geocoded_address|reverse_geocoded_area,,,,,classification=bin/container,,2026-06-26T00:39:20Z,2026-06-26T00:39:20Z,
124,recycling-container-node-9938102688,Recycling Container node-9938102688,"Jalan Besar Pekan, Bagan Pulau Ketam, Klang City, Selangor, 42940",Selangor,Klang City,3.0203328,101.2535138,,,"https://maps.google.com/?q=3.0203328,101.2535138",,Container|Class:Bin/Container,,,reverse_geocoded_address|reverse_geocoded_area,,,,,classification=bin/container,,2026-06-26T00:39:20Z,2026-06-26T00:39:20Z,
125,recycling-container-node-9992111244,Recycling Container node-9992111244,"Jalan Markisa, Taman Markisa, Alor Mengkudu, Kampung Alor Mengkudu Dalam, Kedah, 05300",Kedah,Alor Mengkudu,6.0861156,100.3978756,,,"https://maps.google.com/?q=6.0861156,100.3978756",Cans|Paper|Plastic,Container|Class:Bin/Container,24/7,,reverse_geocoded_address|reverse_geocoded_area,,,,,classification=bin/container,,2026-06-26T00:39:20Z,2026-06-26T00:39:20Z,
126,recycling-container-node-10063847913,Recycling Container node-10063847913,"Cooper Road, Buntong, Kampung Kuchai, Ipoh, Perak, 30670",Perak,Ipoh,4.5981701,101.076066,,,"https://maps.google.com/?q=4.5981701,101.076066",,Container|Class:Bin/Container,,,reverse_geocoded_address|reverse_geocoded_area,,,,,classification=bin/container,,2026-06-26T00:39:20Z,2026-06-26T00:39:20Z,
127,pusat-kitar-semula-mp-tiong-nam,Pusat Kitar Semula MP Tiong Nam,"Lorong Tiong Nam 3, Tiong Nam Settlement, Chow Kit, Kampung Cendana, Kuala Lumpur, 50730",Kuala Lumpur,Kuala Lumpur,3.1637946,101.6940806,,,"https://maps.google.com/?q=3.1637946,101.6940806",,Centre|Class:Centre,,,reverse_geocoded_address|reverse_geocoded_area,,,,,classification=centre,,2026-06-26T00:39:20Z,2026-06-26T00:39:20Z,
128,recycling-container-node-10287728543,Recycling Container node-10287728543,"Jalan 6/95B, Cheras, Taman Cheras Utama, Kuala Lumpur, Selangor, 55300",Kuala Lumpur,Cheras,3.1026995,101.7506289,,,"https://maps.google.com/?q=3.1026995,101.7506289",,Container|Class:Bin/Container,,,reverse_geocoded_address|reverse_geocoded_area,,,,,classification=bin/container,,2026-06-26T00:39:20Z,2026-06-26T00:39:20Z,
129,tzu-chi-malaysia,Tzu Chi Malaysia,"Jalan 9/95B, Cheras, Taman Cheras Utama, Taman Cheras, Kuala Lumpur, 56100",Kuala Lumpur,Cheras,3.103195,101.7504922,,,"https://maps.google.com/?q=3.103195,101.7504922",,Centre|Class:Centre|Tzu Chi Malaysia,,,reverse_geocoded_address|reverse_geocoded_area,,,,,classification=centre,,2026-06-26T00:39:20Z,2026-06-26T00:39:20Z,
130,sungai-besi-recycle,Sungai Besi Recycle,"Jalan Naga Emas, Salak South, Taman Naga Emas, Kuala Lumpur, 57000",Kuala Lumpur,Salak South,3.0812488,101.6984037,,,"https://maps.google.com/?q=3.0812488,101.6984037",,Centre|Class:Centre,,,reverse_geocoded_address|reverse_geocoded_area,,,,,classification=centre,,2026-06-26T00:39:20Z,2026-06-26T00:39:20Z,
131,recycling-centre-node-10813696316,Recycling Centre node-10813696316,45,Selangor,Sungai Buloh,3.227055,101.5586649,,,"https://maps.google.com/?q=3.227055,101.5586649",,Centre|Class:Centre,,,reverse_geocoded_area,,,,,classification=centre,,2026-06-26T00:39:20Z,2026-06-26T00:39:20Z,
132,li-yong-plastic,Li Yong Plastic,"Jalan Simpang, Taman Matang Damai, Matang, Kampung Jelapang Jaya, Perak, 34700",Perak,Matang,4.8134885,100.683179,,,"https://maps.google.com/?q=4.8134885,100.683179",,Centre|Class:Centre,,,reverse_geocoded_address|reverse_geocoded_area,,,,,classification=centre,,2026-06-26T00:39:20Z,2026-06-26T00:39:20Z,
133,pusat-kitar-semula-jalan-bunus-6,Pusat Kitar Semula Jalan Bunus 6,"Jalan Bunus 6, Kampung Cendana, Kuala Lumpur, 50100",Kuala Lumpur,Kuala Lumpur,3.1547194,101.6980195,,,"https://maps.google.com/?q=3.1547194,101.6980195",,Centre|Class:Centre,,,reverse_geocoded_address|reverse_geocoded_area,,,,,classification=centre,,2026-06-26T00:39:20Z,2026-06-26T00:39:20Z,
134,ipc-recycling-and-buy-back-center,IPC Recycling and Buy-Back Center,"Persiaran Surian, Mutiara Damansara, PJU 6, Petaling Jaya, Selangor, 47800",Selangor,Mutiara Damansara,3.1556494,101.6118005,,,"https://maps.google.com/?q=3.1556494,101.6118005",,Centre|Class:Centre,,,reverse_geocoded_address|reverse_geocoded_area,,,,,classification=centre,,2026-06-26T00:39:20Z,2026-06-26T00:39:20Z,
135,recycling-centre-node-11039174963,Recycling Centre node-11039174963,"Jalan Pandan Indah 4/3, Pandan Indah, Ampang Jaya Municipal Council, Selangor, 51500",Selangor,Pandan Indah,3.1328121,101.7542264,,,"https://maps.google.com/?q=3.1328121,101.7542264",,Centre|Class:Centre,,,reverse_geocoded_address|reverse_geocoded_area,,,,,classification=centre,,2026-06-26T00:39:20Z,2026-06-26T00:39:20Z,
136,recycling-container-node-11102537718,Recycling Container node-11102537718,"Lebuh Tunku Kudin 1, Jelutong, Bukit Tunku Kudin, George Town, Penang, 11600",Penang,Jelutong,5.3775172,100.3144547,,,"https://maps.google.com/?q=5.3775172,100.3144547",,Container|Class:Bin/Container,,,reverse_geocoded_address|reverse_geocoded_area,,,,,classification=bin/container,,2026-06-26T00:39:20Z,2026-06-26T00:39:20Z,
137,recycling-container-node-11149720271,Recycling Container node-11149720271,"Sempadan, Johor",Johor,Sempadan,2.5300615,103.4141618,,,"https://maps.google.com/?q=2.5300615,103.4141618",,Container|Class:Bin/Container,,,reverse_geocoded_address|reverse_geocoded_area,,,,,classification=bin/container,,2026-06-26T00:39:20Z,2026-06-26T00:39:20Z,
138,community-recycle-for-charity-crc,Community Recycle for Charity (CRC),"Sibu Road, Jinjang, Kepong, Kuala Lumpur, 52000",Kuala Lumpur,Jinjang,3.2101241,101.6673627,+60 17 3638100,http://crcbox.org/,"https://maps.google.com/?q=3.2101241,101.6673627",Cans|Paper|Plastic|Glass Bottles|Cardboard,Container|Class:Bin/Container|Community Recycle for Charity (CRC),,,reverse_geocoded_address|reverse_geocoded_area|website_phone,,,,,classification=bin/container,,2026-06-26T00:39:20Z,2026-06-26T00:39:20Z,
139,recycling-container-node-11350500394,Recycling Container node-11350500394,"Lingkungan Budi, Bangsar, Kuala Lumpur, 50603",Kuala Lumpur,Bangsar,3.1219238,101.6571256,,,"https://maps.google.com/?q=3.1219238,101.6571256",Cans|Paper|Plastic,Container|Class:Bin/Container,,,reverse_geocoded_address|reverse_geocoded_area,,,,,classification=bin/container,,2026-06-26T00:39:20Z,2026-06-26T00:39:20Z,
140,kitacycle,KITACycle,"Damansara–Puchong Expressway, Bandar Puchong Jaya, Puchong, Subang Jaya City Council, Selangor, 47170",Selangor,Bandar Puchong Jaya,3.0452717,101.6179414,,,"https://maps.google.com/?q=3.0452717,101.6179414",,Container|Class:Bin/Container,,,reverse_geocoded_address|reverse_geocoded_area,,,,,classification=bin/container,,2026-06-26T00:39:20Z,2026-06-26T00:39:20Z,
141,recycling-container-node-11958741484,Recycling Container node-11958741484,"Jalan Nova U5/57, Subang Bestari, Section U5, Sungai Buloh, Shah Alam, Selangor, 40160",Selangor,Subang Bestari,3.1770916,101.5384124,,,"https://maps.google.com/?q=3.1770916,101.5384124",,Container|Class:Bin/Container,,,reverse_geocoded_address|reverse_geocoded_area,,,,,classification=bin/container,,2026-06-26T00:39:20Z,2026-06-26T00:39:20Z,
142,hock-soon-ho-kitar-semula,Hock Soon Ho Kitar Semula,"6361, Jalan Taman RBA, Miri, 98000",Sarawak,Miri,4.4713631,114.0211924,,,"https://maps.google.com/?q=4.4713631,114.0211924",,Centre|Class:Centre,,,osm_source,,,,,classification=centre,,2026-06-26T00:39:20Z,,
143,recycling-container-node-12041298958,Recycling Container node-12041298958,"Jalan Tasik Raja Lumu U4/17, Subang Bestari, Section U4, Sungai Buloh, Shah Alam, Selangor, 40160",Selangor,Subang Bestari,3.1768105,101.5491673,,,"https://maps.google.com/?q=3.1768105,101.5491673",Green Waste,Container|Class:Bin/Container,,,reverse_geocoded_address|reverse_geocoded_area,,,,,classification=bin/container,,2026-06-26T00:39:20Z,2026-06-26T00:39:20Z,
144,ecowish-sdn-bhd,Ecowish Sdn Bhd,"7970, Jalan Sena, Miri, 98000",Sarawak,Miri,4.4978372,114.0383932,,,"https://maps.google.com/?q=4.4978372,114.0383932",,"Centre|Class:Centre|016-877 2366,013-579 5554,013-782 7888,013-726 7888",,,osm_source,,,,,classification=centre,,2026-06-26T00:39:20Z,,
145,recycling-centre-node-12076280963,Recycling Centre node-12076280963,"Jalan Sungai 2, Seputeh, Kuala Lumpur, 50614",Kuala Lumpur,Seputeh,3.1137767,101.6818287,,,"https://maps.google.com/?q=3.1137767,101.6818287",,Centre|Class:Centre,,,reverse_geocoded_address|reverse_geocoded_area,,,,,classification=centre,,2026-06-26T00:39:20Z,2026-06-26T00:39:20Z,
146,wkf-recycling-enterprise,WKF Recycling Enterprise,"Jalan Muhibbah 17, Flat Taman Muhibah, Seri Serdang, Seri Kembangan, Subang Jaya City Council, Selangor, 43300",Selangor,Seri Serdang,3.0225958,101.7152822,,,"https://maps.google.com/?q=3.0225958,101.7152822",,Centre|Class:Centre,,,reverse_geocoded_address|reverse_geocoded_area,,,,,classification=centre,,2026-06-26T00:39:20Z,2026-06-26T00:39:20Z,
147,kll-scrap-metal-co,KLL Scrap & Metal Co.,"3590, Lorong 8A, Miri, 98000",Sarawak,Miri,4.4848688,114.0350861,,,"https://maps.google.com/?q=4.4848688,114.0350861",Scrap Metal,Centre|Class:Private Scrapyard|010-978 7013,Mo-Su 07:30-18:00,,osm_source,,,,,classification=private scrapyard,,2026-06-26T00:39:20Z,,
148,recycling-container-node-12129435449,Recycling Container node-12129435449,"Jalan Serindit 3, Taman Serindit Fasa 3, Kampung Borhan, Alor Setar, Kedah, 05460",Kedah,Alor Setar,6.1290073,100.3923637,,,"https://maps.google.com/?q=6.1290073,100.3923637",Cans|Paper|Plastic|Plastic Bottles,Container|Class:Bin/Container,,,reverse_geocoded_address|reverse_geocoded_area,,,,,classification=bin/container,,2026-06-26T00:39:20Z,2026-06-26T00:39:20Z,
149,recycling-centre-node-12133170500,Recycling Centre node-12133170500,"Jalan Raja Muda Abdul Aziz, Kampung Datuk Keramat, Kampung Atas B, Chow Kit, Kuala Lumpur, 50572",Kuala Lumpur,Kampung Datuk Keramat,3.1690252,101.7061188,,,"https://maps.google.com/?q=3.1690252,101.7061188",,Centre|Class:Centre,,,reverse_geocoded_address|reverse_geocoded_area,,,,,classification=centre,,2026-06-26T00:39:20Z,2026-06-26T00:39:20Z,
150,recycling-container-node-12152852523,Recycling Container node-12152852523,"Old Malay Bridge, Kuala Lumpur, 50566",Kuala Lumpur,Kuala Lumpur,3.1378644,101.6877551,,,"https://maps.google.com/?q=3.1378644,101.6877551",Paper|Plastic|Glass Bottles,Container|Class:Bin/Container,24/7,,reverse_geocoded_address|reverse_geocoded_area,,,,,classification=bin/container,,2026-06-26T00:39:20Z,2026-06-26T00:39:20Z,
151,eng-wei-trading,Eng Wei Trading,"944B/2390B, Jalan Simanggang, Miri, 98000",Sarawak,Miri,4.3175916,113.9928987,,,"https://maps.google.com/?q=4.3175916,113.9928987",Cans|Paper|Glass Bottles,Centre|Class:Centre|016-870 0947;016-855 1437,Mo-Sa 08:00-17:00,,osm_source,,,,,classification=centre,,2026-06-26T00:39:20Z,,
152,yb-enterprise,YB Enterprise,"76, Jalan Piasau Utara 2C, Miri, 98000",Sarawak,Miri,4.438523,114.0076855,1042161663 | 1782434703 | 31536000,https://www.facebook.com/YBenterprise/,"https://maps.google.com/?q=4.438523,114.0076855",Batteries,Centre|Class:E-Waste|014-800 7425,Mo-Sa 08:00-17:00,,website_phone,,,,,classification=e-waste,,2026-06-26T00:39:20Z,2026-06-26T00:39:20Z,https://scontent.fkul11-2.fna.fbcdn.net/v/t39.30808-1/271974844_1484432981940068_1248375691323240754_n.jpg?stp=dst-jpg_tt6&cstp=mx384x379&ctp=s384x379&_nc_cat=103&ccb=1-7&_nc_sid=3ab345&_nc_ohc=LRgnA19PfMcQ7kNvwEN25Ue&_nc_oc=AdqGgyvHRj-8K3cVmkaebFPK_tB8cfBeJeV4Hh6OcgOS7N-pfpY4YO1PIYejDpADi6I&_nc_zt=24&_nc_ht=scontent.fkul11-2.fna&_nc_gid=LAJTW3ZVYsOuYhUFdLjNsQ&_nc_ss=7b20f&oh=00_Af9Y_reVryatgyAHlz-eXq5SvFLFXR1d9LEIrOttN6qC2g&oe=6A43B078
153,recycling-container-node-12167240035,Recycling Container node-12167240035,"Jalan Sultan Yahya Petra, Semarak, Kuala Lumpur, 50578",Kuala Lumpur,Semarak,3.1743674,101.7201034,,,"https://maps.google.com/?q=3.1743674,101.7201034",Paper|Plastic,Container|Class:Bin/Container,,,reverse_geocoded_address|reverse_geocoded_area,,,,,classification=bin/container,,2026-06-26T00:39:20Z,2026-06-26T00:39:20Z,
154,recycling-container-node-12167240036,Recycling Container node-12167240036,"Blok PA 6, Jalan Sultan Yahya Petra, Semarak, Kuala Lumpur, 50578",Kuala Lumpur,Semarak,3.1743384,101.7203317,,,"https://maps.google.com/?q=3.1743384,101.7203317",,Container|Class:Bin/Container,,,reverse_geocoded_address|reverse_geocoded_area,,,,,classification=bin/container,,2026-06-26T00:39:20Z,2026-06-26T00:39:20Z,
155,recycling-container-node-12192423061,Recycling Container node-12192423061,"Hilir Pemancar, Taman Tun Sardon, Gelugor, George Town, Penang, 11700",Penang,Gelugor,5.3702484,100.3039873,,,"https://maps.google.com/?q=5.3702484,100.3039873",,Container|Class:Bin/Container,,,reverse_geocoded_address|reverse_geocoded_area,,,,,classification=bin/container,,2026-06-26T00:39:20Z,2026-06-26T00:39:20Z,
156,syarikat-k-pitchai,Syarikat K. Pitchai,"21, Jalan Berek",Perak,Taiping,4.8544063,100.7416766,,,"https://maps.google.com/?q=4.8544063,100.7416766",,Centre|Class:Centre,,,reverse_geocoded_area,,,,,classification=centre,,2026-06-26T00:39:20Z,2026-06-26T00:39:20Z,
157,recycling-container-node-12214321078,Recycling Container node-12214321078,"Jalan Sibu, Jinjang, Kepong, Kuala Lumpur, 52000",Kuala Lumpur,Jinjang,3.2124715,101.6695357,,,"https://maps.google.com/?q=3.2124715,101.6695357",,Container|Class:Bin/Container,,,reverse_geocoded_address|reverse_geocoded_area,,,,,classification=bin/container,,2026-06-26T00:39:20Z,2026-06-26T00:39:20Z,
158,borneo-recycle,Borneo Recycle,"Jalan Kuching-Serian, Kota Padawan, Samarahan, Sarawak",Sarawak,Kota Padawan,1.4380173,110.3276652,,,"https://maps.google.com/?q=1.4380173,110.3276652",,Centre|Class:Centre,,,reverse_geocoded_address|reverse_geocoded_area,,,,,classification=centre,,2026-06-26T00:39:20Z,2026-06-26T00:39:20Z,
159,recycling-container-node-12245870616,Recycling Container node-12245870616,"Jalan Sibu, Jinjang, Kepong, Kuala Lumpur, 52000",Kuala Lumpur,Jinjang,3.2123445,101.6695251,,,"https://maps.google.com/?q=3.2123445,101.6695251",Paper|Used Clothes|Shoes,Container|Class:Bin/Container,,,reverse_geocoded_address|reverse_geocoded_area,,,,,classification=bin/container,,2026-06-26T00:39:20Z,2026-06-26T00:39:20Z,
160,recycling-centre-node-12260385272,Recycling Centre node-12260385272,"Jalan Raja Muda Abdul Aziz, Chow Kit, Kampung Cendana, Kuala Lumpur, 50586",Kuala Lumpur,Kuala Lumpur,3.1677123,101.6993189,,,"https://maps.google.com/?q=3.1677123,101.6993189",,Centre|Class:Centre,,,reverse_geocoded_address|reverse_geocoded_area,,,,,classification=centre,,2026-06-26T00:39:20Z,2026-06-26T00:39:20Z,
161,recycling-container-node-12277770905,Recycling Container node-12277770905,"Lingkungan Budi, Bangsar, Kuala Lumpur, 50603",Kuala Lumpur,Bangsar,3.1219857,101.6546107,,,"https://maps.google.com/?q=3.1219857,101.6546107",Cans|Paper|Plastic|Glass Bottles,Container|Class:Bin/Container,,,reverse_geocoded_address|reverse_geocoded_area,,,,,classification=bin/container,,2026-06-26T00:39:20Z,2026-06-26T00:39:20Z,
162,dumpexpress-drive-thru-recycling-centre-merdeka-jaya,DumpExpress Drive Thru Recycling Centre @ Merdeka Jaya,"Lot 7358, Jalan MJ 52, Taman Merdeka Jaya, 75350",Melaka,Taman Merdeka Jaya,2.2762279,102.2435482,,,"https://maps.google.com/?q=2.2762279,102.2435482",,Centre|Class:Centre,Mo-Su 08:00-18:00; PH off,,osm_source,,,,,classification=centre,,2026-06-26T00:39:20Z,,
163,penta-recycling,Penta Recycling,"Jalan MJ 53, Taman Merdeka Jaya, Hang Tuah Jaya Municipal Council, Malacca, 75350",Melaka,Hang Tuah Jaya Municipal Council,2.2761251,102.2437372,,,"https://maps.google.com/?q=2.2761251,102.2437372",,Centre|Class:Centre|Penta Recycling (M) Sdn Bhd,Mo-Sa 08:30-17:30,,reverse_geocoded_address|reverse_geocoded_area,,,,,classification=centre,,2026-06-26T00:39:20Z,2026-06-26T00:39:20Z,
164,green-earth-metal-industrial,Green Earth Metal Industrial,"Jalan Tan Sri Datuk Amar Wee Boon Ping, Batu Kawah New Township, Kota Sentosa, Kuching, Sarawak, 93250",Sarawak,Batu Kawah New Township,1.4966444,110.317469,,,"https://maps.google.com/?q=1.4966444,110.317469",,Centre|Class:Centre,,,reverse_geocoded_address|reverse_geocoded_area,,,,,classification=centre,,2026-06-26T00:39:20Z,2026-06-26T00:39:20Z,
165,preserve-green-recycle,Preserve Green Recycle,"Jalan Tan Sri Datuk Amar Wee Boon Ping, Batu Kawah New Township, Kota Sentosa, Kuching, Sarawak, 93250",Sarawak,Batu Kawah New Township,1.496326,110.3194898,,,"https://maps.google.com/?q=1.496326,110.3194898",,Centre|Class:Centre,,,reverse_geocoded_address|reverse_geocoded_area,,,,,classification=centre,,2026-06-26T00:39:20Z,2026-06-26T00:39:20Z,
166,bee-disposable-packing-trading,Bee Disposable Packing Trading,"Jalan Setia Jaya 1, Batu Pahat, Johor, 83050",Johor,Batu Pahat,1.865807,102.9461079,,,"https://maps.google.com/?q=1.865807,102.9461079",Green Waste,Container|Class:Bin/Container|Bee Disposable Packing Trading,,,reverse_geocoded_address|reverse_geocoded_area,,,,,classification=bin/container,,2026-06-26T00:39:20Z,2026-06-26T00:39:20Z,
167,murabana,Murabana,"Jalan 34/42K, Jinjang, Taman Batu, South Jinjang, Kepong, Kuala Lumpur, 52000",Kuala Lumpur,Jinjang,3.2018334,101.6659674,,,"https://maps.google.com/?q=3.2018334,101.6659674",,Centre|Class:Centre,,,reverse_geocoded_address|reverse_geocoded_area,,,,,Name correct? | classification=centre,,2026-06-26T00:39:20Z,2026-06-26T00:39:20Z,
168,recycling-container-node-12704408650,Recycling Container node-12704408650,"Jalan Tun Rahah, Maluri, Pinggiran TRX, Kuala Lumpur, 55188",Kuala Lumpur,Maluri,3.1446438,101.7220329,,,"https://maps.google.com/?q=3.1446438,101.7220329",Used Clothes,Container|Class:Bin/Container,,,reverse_geocoded_address|reverse_geocoded_area,,,,,classification=bin/container,,2026-06-26T00:39:20Z,2026-06-26T00:39:20Z,
169,e-waste-collection-centre,E-Waste Collection Centre,"Jalan Bangsar, Bangsar, Kuala Lumpur, 59100",Kuala Lumpur,Bangsar,3.121527,101.6732205,,,"https://maps.google.com/?q=3.121527,101.6732205",,Centre|Class:E-Waste|Tenaga Nasional Berhad,,,reverse_geocoded_address|reverse_geocoded_area,,,,,classification=e-waste,,2026-06-26T00:39:20Z,2026-06-26T00:39:20Z,
170,recycling-centre-node-13013429524,Recycling Centre node-13013429524,"Jalan 6, Cheras, Kajang Municipal Council, Selangor, 43200",Selangor,Cheras,3.0704349,101.7700982,,,"https://maps.google.com/?q=3.0704349,101.7700982",,Centre|Class:Centre,,,reverse_geocoded_address|reverse_geocoded_area,,,,,classification=centre,,2026-06-26T00:39:20Z,2026-06-26T00:39:20Z,
171,recycling-centre-node-13020943428,Recycling Centre node-13020943428,"Lorong Delima 1, Taman Sri Maulana, Kampung Kelat Rendang, Pahang, 26600",Pahang,Taman Sri Maulana,3.5095302,103.3958658,,,"https://maps.google.com/?q=3.5095302,103.3958658",,Centre|Class:Centre,,,reverse_geocoded_address|reverse_geocoded_area,,,,,classification=centre,,2026-06-26T00:39:20Z,2026-06-26T00:39:20Z,
172,pusat-kitar-semula-ss17-subang-jaya,Pusat Kitar Semula SS17 Subang Jaya,"95, Jalan SS 17/2, Subang Jaya, 47500",Selangor,Subang Jaya,3.0783314,101.5854388,,,"https://maps.google.com/?q=3.0783314,101.5854388",,Centre|Class:Centre,,,osm_source,,,,,classification=centre,,2026-06-26T00:39:20Z,,
173,tzu-chi-recycling-centre-ss15-3rd-sunday-of-every-month,Tzu Chi Recycling Centre SS15 (3rd Sunday of every month),"Jalan SS 15/4G, Pusat Bandar Subang Jaya, SS 15, Subang Jaya City Council, Selangor, 47500",Selangor,Pusat Bandar Subang Jaya,3.0783313,101.5864166,,,"https://maps.google.com/?q=3.0783313,101.5864166",,Centre|Class:Centre,,,reverse_geocoded_address|reverse_geocoded_area,,,,,classification=centre,,2026-06-26T00:39:20Z,2026-06-26T00:39:20Z,
174,heng-hup-hardware-m-sdn-bhd,Heng Hup Hardware (M) Sdn Bhd,"Lot 695, Jalan Krubong Tampoi, Melaka, 75250",Melaka,Melaka,2.2771051,102.2292219,+6063374295,https://www.henghup.com/,"https://maps.google.com/?q=2.2771051,102.2292219",Scrap Metal,Centre|Class:Private Scrapyard|Centre|Class:Private Scrapyard|Farm Auxiliary,Mo-Sa 08:30-17:30,,osm_source,,,,,classification=private scrapyard,,2026-06-26T00:39:20Z,,
175,recycling-centre-node-13430845059,Recycling Centre node-13430845059,"Loke Yew Street, Taman Bandar, Kampung Kubu, Tanjong Malim, Perak, 35900",Perak,Tanjong Malim,3.6823578,101.5182115,,,"https://maps.google.com/?q=3.6823578,101.5182115",,Centre|Class:Centre,,,reverse_geocoded_address|reverse_geocoded_area,,,,,classification=centre,,2026-06-26T00:39:20Z,2026-06-26T00:39:20Z,
176,recycling-container-node-13764034015,Recycling Container node-13764034015,"Jalan PJU 1/3A, Ara Damansara, PJU 1, Petaling Jaya, Selangor, 47301",Selangor,Ara Damansara,3.1203911,101.5977388,,,"https://maps.google.com/?q=3.1203911,101.5977388",Used Clothes,Container|Class:Bin/Container,,,reverse_geocoded_address|reverse_geocoded_area,,,,,classification=bin/container,,2026-06-26T00:39:20Z,2026-06-26T00:39:20Z,
177,recycling-point-way-169403448,Recycling Point way-169403448,"Jalan Syed Putra, Seputeh, Bukit Petaling, Kuala Lumpur, 50470",Kuala Lumpur,Seputeh,3.1330765,101.6949766,,,"https://maps.google.com/?q=3.1330765,101.6949766",,Class:Drop-Off,,,reverse_geocoded_address|reverse_geocoded_area,,,,,classification=drop-off,,2026-06-26T00:39:20Z,2026-06-26T00:39:20Z,
178,pusat-kitar-semula-mbsj,Pusat Kitar Semula MBSJ,"Persiaran Wawasan, Puchong, Subang Jaya City Council, Selangor, 47160",Selangor,Puchong,3.0344012,101.6236964,,,"https://maps.google.com/?q=3.0344012,101.6236964",Cans|Paper|Plastic,Centre|Class:Centre,,,reverse_geocoded_address|reverse_geocoded_area,,,,,classification=centre,,2026-06-26T00:39:20Z,2026-06-26T00:39:20Z,
179,recycle-centre,recycle centre,"Jalan Mawas, Taman Kinamount, Luyang, Sabah, 88300",Sabah,Luyang,5.9531426,116.0858906,,,"https://maps.google.com/?q=5.9531426,116.0858906",,Centre|Class:Centre,,,reverse_geocoded_address|reverse_geocoded_area,,,,,classification=centre,,2026-06-26T00:39:20Z,2026-06-26T00:39:20Z,
180,pj-eco-recycling-plaza,PJ Eco Recycling Plaza,"Sungai Way, Petaling Jaya",Selangor,Sungai Way,3.088681,101.6141652,,,"https://maps.google.com/?q=3.088681,101.6141652",,Centre|Class:Centre,,,osm_source,,,,,classification=centre,,2026-06-26T00:39:20Z,,
181,recycling-centre-way-288251597,Recycling Centre way-288251597,"Jalan Gunung Keriang, Anak Bukit, Pantai Johor, Kampung Suka Menanti, Kedah, 06550",Kedah,Anak Bukit,6.1721725,100.3610941,,,"https://maps.google.com/?q=6.1721725,100.3610941",Cans|Paper|Glass|Scrap Metal,Centre|Class:Private Scrapyard,,,reverse_geocoded_address|reverse_geocoded_area,,,,,classification=private scrapyard,,2026-06-26T00:39:20Z,2026-06-26T00:39:20Z,
182,s2-recycle,S2 Recycle,"Jalan Gurun - Kepala Batas, Jabi, Kampung Kolon, Kedah, 06400",Kedah,Jabi,6.1638483,100.4848586,,,"https://maps.google.com/?q=6.1638483,100.4848586",,Centre|Class:Centre|Industrial,,,reverse_geocoded_address|reverse_geocoded_area,,,,,classification=centre,,2026-06-26T00:39:20Z,2026-06-26T00:39:20Z,
183,s-y-metals,S.Y. Metals,"136, Permatang Tok Dik, Padang Serai, Kedah, 09400",Kedah,Padang Serai,5.4916583,100.5476443,,,"https://maps.google.com/?q=5.4916583,100.5476443",Scrap Metal,Centre|Class:Private Scrapyard,,,reverse_geocoded_address|reverse_geocoded_area,,,,,not a general purpose recycling center | classification=private scrapyard,,2026-06-26T00:39:20Z,2026-06-26T00:39:20Z,
184,recycling-centre-way-473696809,Recycling Centre way-473696809,"Jalan Sungai Seluang / Batu 8, Taman Sepakat, Sungai Seluang, Kampung Siam, Kedah, 09600",Kedah,Sungai Seluang,5.4414919,100.5514369,,,"https://maps.google.com/?q=5.4414919,100.5514369",Scrap Metal,Centre|Class:Private Scrapyard,,,reverse_geocoded_address|reverse_geocoded_area,,,,,not a general purpose recycling center | classification=private scrapyard,,2026-06-26T00:39:20Z,2026-06-26T00:39:20Z,
185,recycling-container-way-576933478,Recycling Container way-576933478,"Persiaran Residen, Desa ParkCity, Kepong, Kuala Lumpur, 52200",Kuala Lumpur,Kepong,3.187171,101.6321011,,,"https://maps.google.com/?q=3.187171,101.6321011",,Container|Class:Bin/Container,,,reverse_geocoded_address|reverse_geocoded_area,,,,,classification=bin/container,,2026-06-26T00:39:20Z,2026-06-26T00:39:20Z,
186,sundrapandi-enterprise,Sundrapandi Enterprise,"Jalan Butterworth-Alor Setar, Tandop, Taman Mewah Jaya, Kampung Selarong Lalang Kanan, Kedah, 05400",Kedah,Tandop,6.0692804,100.3660687,,,"https://maps.google.com/?q=6.0692804,100.3660687",Cans|Paper|Plastic|Plastic Bottles|Plastic Packaging|Glass|Glass Bottles|Cardboard|Electrical Appliances|Scrap Metal,Centre|Class:E-Waste,,,reverse_geocoded_address|reverse_geocoded_area,,,,,classification=e-waste,,2026-06-26T00:39:20Z,2026-06-26T00:39:20Z,
187,syarikat-vijayalakshmi,Syarikat Vijayalakshmi,"Jalan Butterworth-Alor Setar, Tandop, Taman Mewah Jaya, Kampung Selarong Lalang Kanan, Kedah, 05400",Kedah,Tandop,6.0690399,100.3663635,,,"https://maps.google.com/?q=6.0690399,100.3663635",Cans|Paper|Plastic|Plastic Bottles|Plastic Packaging|Glass|Glass Bottles|Cardboard|Electrical Appliances|Scrap Metal,Centre|Class:E-Waste,,,reverse_geocoded_address|reverse_geocoded_area,,,,,classification=e-waste,,2026-06-26T00:39:20Z,2026-06-26T00:39:20Z,
188,gnc-recycle,GNC Recycle,"Jalan Tuaran Bypass, Inanam, Sabah, 88400",Sabah,Inanam,5.99973,116.1266508,+6088 380712 | +6088 764193,,"https://maps.google.com/?q=5.99973,116.1266508",Paper|Plastic|Plastic Bottles|Cardboard,Centre|Class:Centre|+6088 764097,"Mo-Sa 08:00-12:00,13:00-17:00",,reverse_geocoded_address|reverse_geocoded_area,,,,,classification=centre,,2026-06-26T00:39:20Z,2026-06-26T00:39:20Z,
189,tt-recycle,TT Recycle,"Jalan Tuaran, Telipok, Tuaran, Sabah, 88450",Sabah,Telipok,6.0977152,116.2019998,+6088 495139 | +6016 8308342,,"https://maps.google.com/?q=6.0977152,116.2019998",Paper|Plastic|Cardboard,Centre|Class:Centre,,,reverse_geocoded_address|reverse_geocoded_area,,,,,classification=centre,,2026-06-26T00:39:20Z,2026-06-26T00:39:20Z,
190,perniagaan-barang-barang-lusuh,Perniagaan Barang-Barang Lusuh,"Lot 4811, Jalan TTC 30, Taman Teknologi Cheng, 75250",Melaka,Taman Teknologi Cheng,2.2661273,102.2327451,,,"https://maps.google.com/?q=2.2661273,102.2327451",,Centre|Class:Centre|JT Metal Sdn. Bhd.,,,osm_source,,,,,classification=centre,,2026-06-26T00:39:20Z,,
191,recycling-container-way-662287944,Recycling Container way-662287944,"Persiaran Warisan Permai, Kota Warisan, Avista Warisan Puteri, Bandar Baru Salak Tinggi, Sepang, Selangor, 43900",Selangor,Kota Warisan,2.825904,101.7042651,,,"https://maps.google.com/?q=2.825904,101.7042651",Cans|Paper|Plastic|Glass|Cardboard,Container|Class:Bin/Container,,,reverse_geocoded_address|reverse_geocoded_area,,,,,classification=bin/container,,2026-06-26T00:39:20Z,2026-06-26T00:39:20Z,
192,seh-hing-plastic-sdn-bhd,Seh Hing Plastic Sdn Bhd,"Jalan Lutong-Kuala Baram, Kuala Baram, Miri, Sarawak",Sarawak,Kuala Baram,4.5303864,113.9879599,,,"https://maps.google.com/?q=4.5303864,113.9879599",,Centre|Class:Centre|1,,,reverse_geocoded_address|reverse_geocoded_area,,,,,classification=centre,,2026-06-26T00:39:20Z,2026-06-26T00:39:20Z,
193,chong-hwa-independent-high-school-kuala-lumpur,Chong Hwa Independent High School Kuala Lumpur,"Jalan Saint Thomas, Kuala Lumpur, 51100",Kuala Lumpur,Kuala Lumpur,3.1894,101.6862275,,,"https://maps.google.com/?q=3.1894,101.6862275",Paper|Plastic|Glass,Centre|Class:Centre|Private|Chong Hwa Independent High School Kuala Lumpur|School|垃圾回收区域,,,osm_source,,,,,classification=centre,,2026-06-26T00:39:20Z,,
194,recycling-container-way-772842634,Recycling Container way-772842634,"Lorong Haji Wahab, Taman Desa Meranti, Kampung Padang Temusu, Kampung Rendang, Kedah, 08000",Kedah,Kampung Padang Temusu,5.6025933,100.469554,,,"https://maps.google.com/?q=5.6025933,100.469554",Cans|Paper|Plastic|Plastic Bottles,Container|Class:Bin/Container,24/7,,reverse_geocoded_address|reverse_geocoded_area,,,,,classification=bin/container,,2026-06-26T00:39:20Z,2026-06-26T00:39:20Z,
195,recycling-centre-way-776997873,Recycling Centre way-776997873,"Jalan 14E, Pandan Indah, Ampang New Village, Ampang Jaya Municipal Council, Selangor, 68000",Selangor,Pandan Indah,3.1361365,101.7586527,,,"https://maps.google.com/?q=3.1361365,101.7586527",,Centre|Class:Centre,,,reverse_geocoded_address|reverse_geocoded_area,,,,,classification=centre,,2026-06-26T00:39:20Z,2026-06-26T00:39:20Z,
196,pusat-komuniti-lestari-taman-tunku-sarina,Pusat Komuniti Lestari Taman Tunku Sarina,"Jalan Myra, Taman Tunku Sarina, Bandar Darul Aman, Jitra, Kedah, 06007",Kedah,Bandar Darul Aman,6.2568736,100.4543512,,,"https://maps.google.com/?q=6.2568736,100.4543512",Cans|Paper|Plastic|Plastic Packaging|Cardboard|Used Clothes|Electrical Appliances|Scrap Metal|Green Waste,Centre|Class:E-Waste|Ground Truth February 2020,,,reverse_geocoded_address|reverse_geocoded_area,,,,,classification=e-waste,,2026-06-26T00:39:20Z,2026-06-26T00:39:20Z,
197,recycling-container-way-785981660,Recycling Container way-785981660,"Jalan Dahlia 6/2, Simpang Kuala, Taman Dahlia, Alor Setar, Kedah, 05400",Kedah,Simpang Kuala,6.0947383,100.3543285,,,"https://maps.google.com/?q=6.0947383,100.3543285",Cans|Paper|Plastic,Container|Class:Bin/Container,,,reverse_geocoded_address|reverse_geocoded_area,,,,,classification=bin/container,,2026-06-26T00:39:20Z,2026-06-26T00:39:20Z,
198,recycling-centre-way-796600888,Recycling Centre way-796600888,"Butterworth Outer Ring Road, Mak Mandin, Permatang Tok Jaya, Penang, 13020",Penang,Mak Mandin,5.4447841,100.3893786,,,"https://maps.google.com/?q=5.4447841,100.3893786",,Centre|Class:Centre,,,reverse_geocoded_address|reverse_geocoded_area,,,,,classification=centre,,2026-06-26T00:39:20Z,2026-06-26T00:39:20Z,
199,recycling-container-way-798972904,Recycling Container way-798972904,"Jalan Damai, Kampung Pasir Tambun, Kampung Panchor, Jitra, Kedah, 06000",Kedah,Jitra,6.2402819,100.4405879,,,"https://maps.google.com/?q=6.2402819,100.4405879",Cans|Paper|Plastic|Plastic Bottles,Container|Class:Bin/Container,,,reverse_geocoded_address|reverse_geocoded_area,,,,,classification=bin/container,,2026-06-26T00:39:20Z,2026-06-26T00:39:20Z,
200,tzu-chi-recycling-center,Tzu Chi Recycling Center,"Persiaran Residen, Desa ParkCity, Kepong, Kuala Lumpur, 52200",Kuala Lumpur,Kepong,3.1829815,101.6322919,+603-62563800 | 62563800 | 354398 483,https://www.tzuchi.my/,"https://maps.google.com/?q=3.1829815,101.6322919",,Centre|Class:Centre|慈濟資源回收站,,,reverse_geocoded_address|reverse_geocoded_area|website_phone,,,,,classification=centre,,2026-06-26T00:39:20Z,2026-06-26T00:39:20Z,
201,recycling-container-way-809488779,Recycling Container way-809488779,"Jalan Kota Kuala Muda-Kampung Kuala Sungai Muda, Kampong Haji Kudong, Kampong Padang Salim, Kedah",Kedah,Kampong Haji Kudong,5.5836014,100.3485349,,,"https://maps.google.com/?q=5.5836014,100.3485349",Paper|Plastic|Glass,Container|Class:Bin/Container,,,reverse_geocoded_address|reverse_geocoded_area,,,,,classification=bin/container,,2026-06-26T00:39:20Z,2026-06-26T00:39:20Z,
202,sri-k-m-metal-prai-sdn-bhd,Sri K.M. Metal (Prai) Sdn Bhd,"797, Mukim 11",Penang,Bukit Tengah,5.3606174,100.4267503,,,"https://maps.google.com/?q=5.3606174,100.4267503",,Centre|Class:Centre|Metal Dealing,,,reverse_geocoded_area,,,,,classification=centre,,2026-06-26T00:39:20Z,2026-06-26T00:39:20Z,
203,kedai-antik-harapan-b,Kedai Antik Harapan B,"224, Jalan Bunga Raya, Pasir Pinji, Ipoh, 31650",Perak,Pasir Pinji,4.5744184,101.0853217,,,"https://maps.google.com/?q=4.5744184,101.0853217",,Centre|Class:Centre|新希望旧物市场,,,osm_source,,,,,classification=centre,,2026-06-26T00:39:20Z,,
204,yhc-paper-trading-sdn-bhd,YHC Paper Trading Sdn Bhd,"No 3,, Elite Industrial Estate, No 3, Jalan 33/4A, Seksyen 33, Shah Alam, 40400",Selangor,Shah Alam,3.0252445,101.5486274,,,"https://maps.google.com/?q=3.0252445,101.5486274",,Centre|Class:Centre|3|Gabled,,,osm_source,,,,,classification=centre,,2026-06-26T00:39:20Z,,
205,seh-hing-enterprise,Seh Hing Enterprise,"197, Jalan Sealine 1, Miri, 98000",Sarawak,Miri,4.4812064,114.011108,1042161663 | 1782434704 | 31536000,https://www.facebook.com/profile.php?id=100063638257172,"https://maps.google.com/?q=4.4812064,114.011108",Cans|Paper|Cardboard|Scrap Metal,Centre|Class:Private Scrapyard|Warehouse|2|010-366 1050,Mo-Sa 07:30-17:00; Su 07:30-12:00,,website_phone,,,,,classification=private scrapyard,,2026-06-26T00:39:20Z,2026-06-26T00:39:20Z,https://scontent.fkul11-2.fna.fbcdn.net/v/t39.30808-1/305469031_496374752493796_2049217080582197506_n.jpg?stp=dst-jpg_tt6&cstp=mx693x693&ctp=s693x693&_nc_cat=108&ccb=1-7&_nc_sid=3ab345&_nc_ohc=-OZlek2ZlV4Q7kNvwG8Zds-&_nc_oc=AdojnMzyi79iI9_62m5-3SNk1HIZSJcS4IX2QtAAiz5TbTErfhBX0vWdInIaqcFhIqU&_nc_zt=24&_nc_ht=scontent.fkul11-2.fna&_nc_gid=2gMCpnIxvl3nMEj7SR1BBw&_nc_ss=7b20f&oh=00_Af8Gc0bWlOT2Uv60ZFpPd_3iQ98jx92kIAXD8lMsJTZHrA&oe=6A43909D
206,sekitar-bumi-hijau-sdn-bhd,Sekitar Bumi Hijau Sdn Bhd,"1249, Jalan Desa Senadin 1, Miri, 98000",Sarawak,Miri,4.4973215,114.0064333,085-658 555,https://www.facebook.com/profile.php?id=100010605738810,"https://maps.google.com/?q=4.4973215,114.0064333",,Centre|Class:Centre|Industrial|2|017-851 9699,Mo-Sa 08:00-17:00,,osm_source,,,,,classification=centre,,2026-06-26T00:39:20Z,,https://scontent.fkul11-2.fna.fbcdn.net/v/t39.30808-1/616057776_2680125122350986_7984951958079797650_n.jpg?stp=dst-jpg_tt6&cstp=mx1024x1024&ctp=s720x720&_nc_cat=111&ccb=1-7&_nc_sid=3ab345&_nc_ohc=8mBawbe08OoQ7kNvwGyF1sC&_nc_oc=Adqc_tgBEwZLZ5iFvfp_Zd2hlCr1uxox8f6hyZlW8KKjg06D6byDRkNc91UJAGDSwwY&_nc_zt=24&_nc_ht=scontent.fkul11-2.fna&_nc_gid=vxqiEE1b8Cnd-c1d_pI2cg&_nc_ss=7b20f&oh=00_Af-ox1WjrlcBEQ7T2-sYH2smRibgka8VFkvvLkKTpYq02g&oe=6A4384A7
207,pusat-kitar-semula-mbsa-seksyen-u5,Pusat Kitar Semula MBSA Seksyen U5,"Jalan Bulan U5/173, Subang Bestari, Bandar Pinggiran Subang, Section U5, Shah Alam, Selangor, 40800",Selangor,Subang Bestari,3.1600837,101.5498975,,,"https://maps.google.com/?q=3.1600837,101.5498975",,Centre|Class:Centre|MBSA,,,reverse_geocoded_address|reverse_geocoded_area,,,,,classification=centre,,2026-06-26T00:39:20Z,2026-06-26T00:39:20Z,
208,recycling-centre-way-952674868,Recycling Centre way-952674868,"Lorong Tambun Indah 4, Bukit Tambun, Taman Tambun Indah, Simpang Ampat, Penang, 14100",Penang,Bukit Tambun,5.2792332,100.4638367,,,"https://maps.google.com/?q=5.2792332,100.4638367",,Centre|Class:Centre|Community Centre,,,reverse_geocoded_address|reverse_geocoded_area,,,,,classification=centre,,2026-06-26T00:39:20Z,2026-06-26T00:39:20Z,
209,recycling-centre-way-979722338,Recycling Centre way-979722338,"Toh Aka Lane, Central George Town, New Jetty, George Town, Penang, 10100",Penang,Central George Town,5.4139436,100.3364648,,,"https://maps.google.com/?q=5.4139436,100.3364648",,Centre|Class:Centre,,,reverse_geocoded_address|reverse_geocoded_area,,,,,classification=centre,,2026-06-26T00:39:20Z,2026-06-26T00:39:20Z,
210,dbkl-government-river-reserved-land,DBKL Government River Reserved Land,"Jalan Rungkup 1, Kuala Lumpur",Kuala Lumpur,Kuala Lumpur,3.1984624,101.6773356,,,"https://maps.google.com/?q=3.1984624,101.6773356",Cans|Electrical Appliances|Scrap Metal,Centre|Class:E-Waste|Private|DBKL,,,osm_source,,,,,"Strictly for government purpose only, not allowed for illegal occupation | classification=e-waste",,2026-06-26T00:39:20Z,,
211,recycling-point-way-1019743482,Recycling Point way-1019743482,"Tun Dr Lim Chong Eu Expressway, Batu Maung, George Town, Penang, 11960",Penang,Batu Maung,5.2919617,100.2922846,,,"https://maps.google.com/?q=5.2919617,100.2922846",Cans|Paper|Plastic|Glass Bottles|Cardboard|Mobile Phones,Class:E-Waste,,,reverse_geocoded_address|reverse_geocoded_area,,,,,classification=e-waste,,2026-06-26T00:39:20Z,2026-06-26T00:39:20Z,
212,recycling-centre-way-1022202369,Recycling Centre way-1022202369,"Jalan SK 13/5, Kampung Baru Seri Kembangan, Seri Kembangan, Subang Jaya City Council, Selangor, 43300",Selangor,Kampung Baru Seri Kembangan,3.0268985,101.6989464,,,"https://maps.google.com/?q=3.0268985,101.6989464",,Centre|Class:Centre,,,reverse_geocoded_address|reverse_geocoded_area,,,,,classification=centre,,2026-06-26T00:39:20Z,2026-06-26T00:39:20Z,
213,seri-metal-recycle-sdn-bhd,Seri Metal Recycle Sdn Bhd,"Lot 9952, jln sembrong 1, Jalan Kluang-Jemaluang, Kluang, 86000",Johor,Kluang,2.0545156,103.3563204,,,"https://maps.google.com/?q=2.0545156,103.3563204",,Centre|Class:Centre|014-6133383,Mo-Fr 09:00-17:00,,osm_source,,,,,classification=centre,,2026-06-26T00:39:20Z,,
214,ltt-metal-plastic-recycling-sdn-bhd,LTT METAL & PLASTIC RECYCLING SDN BHD,"Lau Kim Teck, Lot 64757, Kawasan Perindustrian,, Jalan Kluang-Jemaluang, Kluang, 86000",Johor,Kluang,2.0530121,103.3596385,07-7716107,http://www.lttrecycle.com/,"https://maps.google.com/?q=2.0530121,103.3596385",,Centre|Class:Centre,Mo-Fr 09:00-18:00,,osm_source,,,,,classification=centre,,2026-06-26T00:39:20Z,,
215,hup-huat-scrap-centre,HUP HUAT SCRAP CENTRE,"Lot 2452, Batu 2 1, 2,, Jalan Minyak Beku, Batu Pahat, 83000",Johor,Batu Pahat,1.8256384,102.9223112,012-7279170,,"https://maps.google.com/?q=1.8256384,102.9223112",,Centre|Class:Private Scrapyard,Mo-Sa 09:00-18:00,,osm_source,,,,,classification=private scrapyard,,2026-06-26T00:39:20Z,,
216,taisi-metal-recycle-sdn-bhd,Taisi Metal Recycle Sdn Bhd,"Lot 2454, Batu 2 1/2,, Jalan Minyak Beku, Batu Pahat, 83000",Johor,Batu Pahat,1.8219892,102.9176001,07-9415572,,"https://maps.google.com/?q=1.8219892,102.9176001",,Centre|Class:Centre,,,osm_source,,,,,classification=centre,,2026-06-26T00:39:20Z,,
217,sutera-mall-recycling-centre,Sutera Mall Recycling Centre,"1, Jalan sutera tanjung 8/4, Taman Sutera Utama, Skudai, 81300",Johor,Skudai,1.5559382,103.6230034,,,"https://maps.google.com/?q=1.5559382,103.6230034",,Centre|Class:Centre,,,osm_source,,,,,classification=centre,,2026-06-26T00:39:20Z,,
218,recycling-centre-way-1084511892,慈济吉胆资源回收站,"情人橋, Bagan Pulau Ketam, Klang City, Selangor, 42940",Selangor,Klang City,3.0195362,101.2541683,,,"https://maps.google.com/?q=3.0195362,101.2541683",,Centre|Class:Centre|Pusat Aktiviti Kitar Semula;慈济环保教育站|慈济吉胆资源回收站|慈濟吉膽資源回收站,,,reverse_geocoded_address|reverse_geocoded_area,,,,,classification=centre,,2026-06-26T00:39:20Z,2026-06-26T00:39:20Z,
219,recycling-container-way-1091161639,Recycling Container way-1091161639,"Jalan Seberang Kubang Rotan, Taman Kubang Rotan Perdana, Kampung Kubang Rotan, Kampung Lemping, Kedah, 06250",Kedah,Kampung Kubang Rotan,6.1332556,100.2971304,,,"https://maps.google.com/?q=6.1332556,100.2971304",Cans|Paper|Plastic,Container|Class:Bin/Container,,,reverse_geocoded_address|reverse_geocoded_area,,,,,classification=bin/container,,2026-06-26T00:39:20Z,2026-06-26T00:39:20Z,
220,projek-pembuatan-baja-kompos,Projek Pembuatan Baja Kompos,"Jalan Taat, Bukit Bandaraya, Section U11, Shah Alam, Selangor, 40170",Selangor,Shah Alam,3.1062183,101.493894,,,"https://maps.google.com/?q=3.1062183,101.493894",Green Waste,Centre|Class:Centre,,,reverse_geocoded_address|reverse_geocoded_area,,,,,classification=centre,,2026-06-26T00:39:20Z,2026-06-26T00:39:20Z,
221,recycling-centre-way-1136434009,Recycling Centre way-1136434009,"Jalan Besar Kampung Baru, Kampung Baru Semenyih, Semenyih, Kajang Municipal Council, Selangor, 43500",Selangor,Semenyih,2.9523791,101.8416144,,,"https://maps.google.com/?q=2.9523791,101.8416144",,Centre|Class:Centre|Shed,,,reverse_geocoded_address|reverse_geocoded_area,,,,,classification=centre,,2026-06-26T00:39:20Z,2026-06-26T00:39:20Z,
222,krr-recycling,KRR RECYCLING,"Jalan Simpang Ampat, Valdor, Penang, 14100",Penang,Valdor,5.2461573,100.4792954,,,"https://maps.google.com/?q=5.2461573,100.4792954",,Centre|Class:Centre,,,reverse_geocoded_address|reverse_geocoded_area,,,,,classification=centre,,2026-06-26T00:39:20Z,2026-06-26T00:39:20Z,
223,ros-recycling-center,Rosé Recycling Center,"Jalan Ekoflora 3/14, Johor Bahru, 81100",Johor,Johor Bahru,1.5898051,103.7577042,,,"https://maps.google.com/?q=1.5898051,103.7577042",,Centre|Class:Centre,,,osm_source,,,,,classification=centre,,2026-06-26T00:39:20Z,,
224,perniagaan-logam-krishna-sdn-bhd,Perniagaan Logam Krishna Sdn Bhd,"Kuala Lumpur–Seremban Expressway, Bandar Tun Razak, Razak Mansion, Kuala Lumpur, 51020",Kuala Lumpur,Bandar Tun Razak,3.1111742,101.7043528,,,"https://maps.google.com/?q=3.1111742,101.7043528",Scrap Metal,Centre|Class:Private Scrapyard,,,reverse_geocoded_address|reverse_geocoded_area,,,,,classification=private scrapyard,,2026-06-26T00:39:20Z,2026-06-26T00:39:20Z,
225,recycling-centre-way-1220483211,Recycling Centre way-1220483211,"Jalan Panglima Hitam M 35/M, Setia Alam Impian, Section 35, Shah Alam, Selangor, 40470",Selangor,Setia Alam Impian,3.0257599,101.5169936,,,"https://maps.google.com/?q=3.0257599,101.5169936",,Centre|Class:Centre,,,reverse_geocoded_address|reverse_geocoded_area,,,,,classification=centre,,2026-06-26T00:39:20Z,2026-06-26T00:39:20Z,
226,recycling-centre-way-1226958508,崇文资源回收中心,"New Pantai Expressway, Kuchai Lama, Taman Goodwood, Kuala Lumpur, 58200",Kuala Lumpur,Kuchai Lama,3.0930922,101.6761968,,,"https://maps.google.com/?q=3.0930922,101.6761968",,Centre|Class:Centre,,,reverse_geocoded_address|reverse_geocoded_area,,,,,classification=centre,,2026-06-26T00:39:20Z,2026-06-26T00:39:20Z,
227,delta-steel-sdn-bhd,Delta Steel Sdn Bhd,"Lorong Perlis 4-1A, Miri, 98000",Sarawak,Miri,4.5533112,114.0441768,,,"https://maps.google.com/?q=4.5533112,114.0441768",Scrap Metal,Centre|Class:Private Scrapyard|Warehouse|1,,,osm_source,,,,,classification=private scrapyard,,2026-06-26T00:39:20Z,,
228,choon-sen-enterprise,Choon Sen Enterprise,"1452, Jalan Miri-Bintulu, Miri, 98000",Sarawak,Miri,4.3300475,114.017681,085-613 351 | 085-615 351,,"https://maps.google.com/?q=4.3300475,114.017681",Scrap Metal,Centre|Class:Private Scrapyard|Warehouse|1|019-815 5665;013-833 8669|春生企业,Mo-Sa 07:00-17:00,,osm_source,,,,,classification=private scrapyard,,2026-06-26T00:39:20Z,,
229,rajawali-trading,Rajawali Trading,"1327, Jalan Miri–Bintulu, Miri, 98000",Sarawak,Miri,4.3230059,114.0241472,085-612 326,https://www.facebook.com/rajawalitradingco/,"https://maps.google.com/?q=4.3230059,114.0241472",Paper|Plastic|Plastic Bottles|Plastic Packaging|Cardboard|Scrap Metal,Centre|Class:Private Scrapyard|Warehouse|1|012-888 5661;013-834 4663,Mo-Sa 07:00-17:00,,osm_source,,,,,classification=private scrapyard,,2026-06-26T00:39:20Z,,
230,seh-hing-recycle-sdn-bhd,Seh Hing Recycle Sdn Bhd,"3008-3009, Lorong 5-1, Miri, 98000",Sarawak,Miri,4.4837244,114.0399939,,,"https://maps.google.com/?q=4.4837244,114.0399939",Cans|Paper|Plastic|Cardboard|Scrap Metal,Centre|Class:Private Scrapyard|Industrial|1,Mo-Sa 08:00-17:00; Su 08:00-12:00,,osm_source,,,,,classification=private scrapyard,,2026-06-26T00:39:20Z,,
231,jj-recycle-sdn-bhd,JJ Recycle Sdn Bhd,"5801, Jalan Lusut 1, Miri, 98000",Sarawak,Miri,4.3096709,113.9930432,,,"https://maps.google.com/?q=4.3096709,113.9930432",Scrap Metal,Centre|Class:Private Scrapyard|Industrial|1,,,osm_source,,,,,classification=private scrapyard,,2026-06-26T00:39:20Z,,
232,rq-enterprise-sdn-bhd,RQ  Enterprise Sdn Bhd,"1954-1959, Jalan Prunus 4B/2, Miri, 98000",Sarawak,Miri,4.4451108,114.0076668,1042161663 | 1782434703 | 31536000,https://www.facebook.com/rqmiri/,"https://maps.google.com/?q=4.4451108,114.0076668",Scrap Metal,Centre|Class:Private Scrapyard|Industrial|2|019-857 8889,Mo-Sa 07:30-17:00,,website_phone,,,,,classification=private scrapyard,,2026-06-26T00:39:20Z,2026-06-26T00:39:20Z,https://scontent.fkul11-2.fna.fbcdn.net/v/t39.30808-1/523648858_1212596467549041_983295324085496512_n.jpg?stp=dst-jpg_tt6&cstp=mx2048x2048&ctp=s720x720&_nc_cat=110&ccb=1-7&_nc_sid=3ab345&_nc_ohc=NGmR72qQYOwQ7kNvwE4R2Iu&_nc_oc=AdpFx3tGoH91pISHL0Up6fXxG6DaF_5ewoar9_vzcxa4aq2bzTMpWofgZc7sW9oJHmE&_nc_zt=24&_nc_ht=scontent.fkul11-2.fna&_nc_gid=QZrPzt83ic3voKCEf0TFXA&_nc_ss=7b20f&oh=00_Af--4yUYnXc0jdvR6yriu9JpWESLdDKjaehy6U724YlQaA&oe=6A439106
233,eye-1-recycle-miri-sdn-bhd,Eye 1 Recycle (Miri) Sdn Bhd,"2511, Jalan Pujut 1B, Miri, 98000",Sarawak,Miri,4.4173219,114.020347,,,"https://maps.google.com/?q=4.4173219,114.020347",Cans|Paper|Plastic Bottles|Plastic Packaging|Cardboard|Scrap Metal,Centre|Class:Private Scrapyard|1,"Mo-Su 08:00-12:00,13:00-17:00",,osm_source,,,,,classification=private scrapyard,,2026-06-26T00:39:20Z,,
234,wili-trading-company,Wili Trading Company,"1882, Jalan Piasau Utara 4, Miri, 98000",Sarawak,Miri,4.4432831,114.0113328,085-655 321 | 085-662 252,,"https://maps.google.com/?q=4.4432831,114.0113328",Cans|Paper|Plastic|Cardboard|Scrap Metal,Centre|Class:Private Scrapyard|Warehouse|2|085-655 321|019-884 1258,,,osm_source,,,,,classification=private scrapyard,,2026-06-26T00:39:20Z,,
235,recycling-centre-way-1247107107,Recycling Centre way-1247107107,"Jalan 7A/2, Bandar Tasik Puteri, Selayang Municipal Council, Selangor, 45620",Selangor,Bandar Tasik Puteri,3.2832899,101.4736219,,,"https://maps.google.com/?q=3.2832899,101.4736219",,Centre|Class:Centre,,,reverse_geocoded_address|reverse_geocoded_area,,,,,classification=centre,,2026-06-26T00:39:20Z,2026-06-26T00:39:20Z,
236,tzu-chi-recyling-center,Tzu Chi Recyling Center,"850, Jalan Bario, Miri, 98000",Sarawak,Miri,4.4694744,114.016192,,,"https://maps.google.com/?q=4.4694744,114.016192",,Centre|Class:Centre|2,,,osm_source,,,,,classification=centre,,2026-06-26T00:39:20Z,,
237,pusat-aktiviti-kitar-semula-tzu-chi,Pusat Aktiviti Kitar Semula Tzu-Chi,"Jalan Melati 16, Taman Sri Melati, Batu Caves, Selayang Municipal Council, Selangor, 68100",Selangor,Batu Caves,3.2422983,101.6533525,,,"https://maps.google.com/?q=3.2422983,101.6533525",,Centre|Class:Centre,,,reverse_geocoded_address|reverse_geocoded_area,,,,,classification=centre,,2026-06-26T00:39:20Z,2026-06-26T00:39:20Z,
238,balairaya-jpkk-tanjong-sepat-indah,BalaiRaya JPKK  Tanjong Sepat indah,"Lorong 6, Pekan Tanjung Sepat, Tanjong Sepat Indah, Selangor, 42800",Selangor,Pekan Tanjung Sepat,2.6609868,101.5602338,,,"https://maps.google.com/?q=2.6609868,101.5602338",,Centre|Class:Centre|Bungalow,,,reverse_geocoded_address|reverse_geocoded_area,,,,,classification=centre,,2026-06-26T00:39:20Z,2026-06-26T00:39:20Z,
239,pusat-pengumpulan-kitar-semula-surau-al-kauthar,Pusat Pengumpulan Kitar Semula Surau Al-Kauthar,"Jalan 4/5E, Seksyen 4, Bandar Baru Bangi, Kajang Municipal Council, Selangor, 43650",Selangor,Bandar Baru Bangi,2.9588378,101.7796853,,,"https://maps.google.com/?q=2.9588378,101.7796853",Paper|Plastic,Centre|Class:Centre|Community|Surau al-Kauthar|Roof,24/7,,reverse_geocoded_address|reverse_geocoded_area,,,,,classification=centre,,2026-06-26T00:39:20Z,2026-06-26T00:39:20Z,
240,pusat-kitar-semula-majlis-perbandaran-miri-pujut-selatan,Pusat Kitar Semula Majlis Perbandaran Miri Pujut Selatan,"Jalan Epal 2, Miri, 98000",Sarawak,Miri,4.4252056,114.0198486,,,"https://maps.google.com/?q=4.4252056,114.0198486",,Centre|Class:Centre|1|019-874 5341;013-830 9593,,,osm_source,,,,,classification=centre,,2026-06-26T00:39:20Z,,
241,chin-brother-s-metal,Chin Brother's Metal,"Jalan Riam, Miri, 98000",Sarawak,Miri,4.3450554,114.0020477,085-612 790,,"https://maps.google.com/?q=4.3450554,114.0020477",Batteries|Scrap Metal,Centre|Class:E-Waste|1|016-893 4368;014-699 5657,,,osm_source,,,,,classification=e-waste,,2026-06-26T00:39:20Z,,
242,recycling-centre-way-1377985369,Recycling Centre way-1377985369,"Jalan Riang, Kuchai Lama, Happy Garden, Kuala Lumpur, 58200",Kuala Lumpur,Kuchai Lama,3.0832285,101.6833213,,,"https://maps.google.com/?q=3.0832285,101.6833213",,Centre|Class:Centre,,,reverse_geocoded_address|reverse_geocoded_area,,,,,classification=centre,,2026-06-26T00:39:20Z,2026-06-26T00:39:20Z,
243,pusat-kitar-semula,Pusat Kitar Semula,"Jalan Raja Jalil, Pasir Penambang, Kuala Selangor, Selangor, 45000",Selangor,Pasir Penambang,3.3402586,101.2489885,,,"https://maps.google.com/?q=3.3402586,101.2489885",,Centre|Class:Centre,,,reverse_geocoded_address|reverse_geocoded_area,,,,,classification=centre,,2026-06-26T00:39:20Z,2026-06-26T00:39:20Z,
244,recycle-bin-green-colour,Recycle Bin (Green Colour),"Jalan Cermat 25/36, Taman Sri Muda, Section 25, Shah Alam, Selangor, 40400",Selangor,Taman Sri Muda,3.0344988,101.5356602,,,"https://maps.google.com/?q=3.0344988,101.5356602",Used Clothes|Shoes|Bags,Container|Class:Bin/Container,,,reverse_geocoded_address|reverse_geocoded_area,,,,,classification=bin/container,,2026-06-26T00:39:20Z,2026-06-26T00:39:20Z,
245,perniagaan-cl,Perniagaan CL,"Jalan IM 14/8, Taman Mahkota Perdana, Indera Mahkota 14 Industrial Area, Indera Mahkota, Pahang, 25200",Pahang,Indera Mahkota,3.828294,103.2776412,,,"https://maps.google.com/?q=3.828294,103.2776412",Cans|Paper|Plastic|Plastic Bottles|Glass|Glass Bottles|Cardboard|Batteries|Electrical Appliances|Scrap Metal,Centre|Class:E-Waste|Industrial,,,reverse_geocoded_address|reverse_geocoded_area,,,,,classification=e-waste,,2026-06-26T00:39:20Z,2026-06-26T00:39:20Z,
246,recycling-centre-relation-14711415,Recycling Centre relation-14711415,"Jalan Kopungit, Taman Sri Mega 2, Sembulan, Sabah, 88576",Sabah,Sembulan,5.9548221,116.0694133,,,"https://maps.google.com/?q=5.9548221,116.0694133",,Centre|Class:Centre|Multipolygon,,,reverse_geocoded_address|reverse_geocoded_area,,,,,Household Appliances | classification=centre,,2026-06-26T00:39:20Z,2026-06-26T00:39:20Z,
